Name,Firm,Domain,Priority,Monday_item_id,Status_seed
Alejandro Carboni Llanet,Impacta VC,impacta.vc,P2,13151866925,EMPTY
Astrid Fockens Lassagne,IMPACT Partners,impact-partners.com,P2,13151855192,EMPTY
Olivia Hornby (Shamash),Spring Impact Capital,springimpactcapital.com,P2,13151880589,EMPTY
Amal-Lee Amin,British International Investment,bii.co.uk,P2,13151897907,EMPTY
David Alvo V.,Impacta VC,impacta.vc,P2,13151880150,EMPTY
Robert Ethier,Impact Science Ventures,impactscience.vc,P2,13151880573,EMPTY
Talal AL-DUAIJ,Baraka Impact Finance LLC,barakaimpact.com,P2,13151879845,EMPTY
Alejandra Camara,GENESIS Climate Change and Sustainable Solutions,genesisarg.com,P2,13151849138,EMPTY
Anthony Bohm,Pangaea Impact Investments,pangaeaimpact.com,P2,13151881194,EMPTY
Theany Bazet,Global Social Impact Investments,globalsocialimpact.es,P2,13151880574,EMPTY
Shabda Gyawali,Dolma Impact Fund,dolmaimpact.com,P2,13151887936,EMPTY
Thomas DELALANDE,IMPACT Partners,impact-partners.com,P2,13151867182,EMPTY
"Hummayun Javed, CFA",ImpactAssets Capital Partners,impactassetscapital.com,P2,13151865851,EMPTY
Jonathan Abeywickrema,Impact Investment Exchange (IIX),iixglobal.com,P2,13151880605,EMPTY
Adriaan Korthuis,Climate Focus,climatefocus.com,P2,13151897913,EMPTY
David Lacklen,Climate Capital,climatecapital.co,P2,13151866633,EMPTY
Alina Klarner,Impact Shakers,impactshakers.com,P2,13151879947,EMPTY
Sagar T.,Beyond Impact VC,beyondimpact.vc,P2,13151880044,EMPTY
Sebastian Waldburg,Oryx Impact,oryximpact.com,P2,13151881369,EMPTY
Dimple Sahni,Anthos Fund & Asset Management B.V.,anthosam.com,P2,13151881311,EMPTY
Eran Sandhaus,J-Impact Fund,j-impact.fund,P2,13151854618,EMPTY
Erik Wallsten,Deetken Impact,deetkenimpact.com,P2,13151881370,EMPTY
Mido Talhouni,Climate KIC,climate-kic.org,P2,13151873882,EMPTY
Annie Theriault,Cross-Border Impact Ventures,crossborder.ventures,P2,13151881371,EMPTY
