company,legal_name_if_shown,sector,city_hq,report_title,report_year,report_type,source_url,url_checked_status,group,ciiu,ciiu_source,notes
Holcim (Colombia),Holcim (Colombia) S.A.,Cemento,Bogotá,Informe de Sostenibilidad 2024,2024,sostenibilidad,https://www.holcim.com.co/sites/colombia/files/docs/ids-2024-baja-vf-0409.pdf,200 application/pdf; checked 2026-10-07,Grupo Holcim,,,"Filial del grupo multinacional Holcim. Título del PDF: INFORME DE SOSTENIBILIDAD 2024. Incluye índice GRI. Oficina citada: Teleport Business Park, Bogotá."
Colgas,,Gas GLP,Medellín,Reporte Integrado 2024,2024,integrado,https://colgas.com/wp-content/themes/insa/assets/pdfs/informe-sostenibilidad-2024.pdf,200 application/pdf; checked 2026-10-07,,,,"Portada: Reporte Integrado 2024. El gerente lo presenta como el reporte del año 2024, con referencia GRI, IIRC y SASB. El texto lista plantas en Antioquia, entre ellas Medellín; la sede social no queda nombrada como domicilio único."
Comfama,,Caja de compensación,Antioquia,Informe de Sostenibilidad Comfama 2024,2024,sostenibilidad,https://serviciosenlinea.comfama.com/Contenidos/Servicios/MarketingCloud/2025/Informe2024/InformeSostenibilidad2024.pdf,200 application/pdf; checked 2026-10-07,,,,Portada: Informe de Sostenibilidad Comfama 2024. El informe sitúa la operación en Antioquia.
Organización Corona,,Manufactura y retail,Bogotá,Informe de Sostenibilidad 2024,2024,GRI,https://empresa.corona.co/wp-content/uploads/2025/04/Informe_OC_2024.pdf,200 application/pdf; checked 2026-10-07,Organización Corona,,,"El PDF se identifica como Informe de Sostenibilidad 2024 de Organización Corona, elaborado bajo estándares GRI, periodo al 31 de diciembre de 2024. Incluye negocios industriales y de retail del grupo; Homecenter no se cuenta aparte."
Claro Colombia,Comunicación Celular S.A. (COMCEL S.A.),Telecomunicaciones,Bogotá,Informe de Sostenibilidad 2024,2024,sostenibilidad,https://www.claro.com.co/portal/co/recursos/co/pdf/Informe_de_Sostenibilidad_Claro_2024.pdf,200 application/pdf; checked 2026-10-07,América Móvil,,,Filial de América Móvil. El PDF dice sede principal en Bogotá D.C. y asocia el informe a COMCEL S.A. Portada: Informe de Sostenibilidad 2024.
Banco Agrario de Colombia,,Banca,Bogotá,Informe de Gestión y Sostenibilidad 2024,2024,sostenibilidad,https://www.bancoagrario.gov.co/system/files/2025-03/informe_de_gestion_y_sostenibilidad_2024.pdf,200 application/pdf; checked 2026-10-07,Grupo Bicentenario,,,Portada: Informe de Gestión y Sostenibilidad 2024. El texto indica sede principal Bogotá.
Grupo Energía Bogotá,Grupo Energía Bogotá S.A. E.S.P.,Energía,Bogotá,Reporte Integrado de Sostenibilidad 2024,2024,integrado,https://www.grupoenergiabogota.com/content/download/53239/file/REPORTE%20INTEGRADO%20%20SOSTENIBILIDAD%202024_vf.pdf,200 application/pdf; checked 2026-10-07,Grupo Energía Bogotá,,,Portada y tabla de contenido: Reporte Integrado de Sostenibilidad 2024. Bogotá aparece en el documento.
Bancóldex,,Banca de desarrollo,Bogotá,Reporte de Sostenibilidad 2024,2024,sostenibilidad,https://www.bancoldex.com/sites/default/files/2025-03-28_super_informe_sostenibilidad_bancoldex_version_final.pdf,200 application/pdf; checked 2026-10-07,,,,"El PDF abre como Reporte de Sostenibilidad y el índice incluye «El 2024 de Bancóldex». Sede principal en Bogotá D.C., según el texto."
Banco W,,Banca / microfinanzas,Cali,Informe de Sostenibilidad 2024,2024,sostenibilidad,https://storage.googleapis.com/strapi-banco-w/Informe_de_Sostenibilidad_2024_32fdc04714/Informe_de_Sostenibilidad_2024_32fdc04714.pdf,200 application/pdf; checked 2026-10-07,,,,"Portada y pie: Informe de sostenibilidad 2024. Dirección impresa: Avenida 5 N # 16N-57, Barrio Granada, Cali."
BDO Colombia,BDO Colombia S.A.S. BIC,Servicios profesionales,Bogotá,Informe de Sostenibilidad BDO en Colombia 2024,2024,GRI,https://www.bdo.com.co/getmedia/cb185e44-6d32-40f4-bbd3-ae8441c83132/BDO-Informe-Sost-Col-V7-1.pdf,200 application/pdf; checked 2026-10-07,BDO,,,"Red multinacional. Portada: Informe de Sostenibilidad BDO en Colombia 2024. Periodo 1 de enero a 31 de diciembre de 2024, referencia GRI 2021. Sede: Carrera 16 # 97-46, Bogotá."
Comfandi,,Caja de compensación,Valle del Cauca,Informe de Sostenibilidad 2025,2025,sostenibilidad,https://informesostenibilidad.comfandi.com.co/wp-content/uploads/2026/04/Informe_sost_2025_30ABR.pdf,200 application/pdf; checked 2026-10-07,,,,Portada: Informe de Sostenibilidad 2025. El texto presenta resultados de 2025 con criterios ASG y se refiere a empresas del Valle del Cauca.
Gases del Caribe,Gases del Caribe S.A. E.S.P.,Gas natural,Barranquilla,Informe Integrado de Gestión y Sostenibilidad 2024,2024,integrado,https://gascaribe.com/wp-content/uploads/2025/03/GC-Informe-de-Gestion-2024-FINAL-PARA-FIRMA.pdf,200 application/pdf; checked 2026-10-07,,,,Portada: Reporte Integrado de Gestión 2024. La carta del gerente lo titula Informe Integrado de Gestión y Sostenibilidad del año 2024 y fija la sede principal en Barranquilla. Referencia GRI.
Hospital Pablo Tobón Uribe,,Salud,Medellín,Memoria de Sostenibilidad 2024,2024,GRI,https://cdn.shopify.com/s/files/1/0832/6162/0533/files/MEMORIA_DE_SOSTENIBILIDAD_HPTU_2024.pdf,200 application/pdf; checked 2026-10-07,,,,Portada: Memoria de Sostenibilidad 2024. Contacto GRI 2-3 en el propio hospital. El PDF menciona Medellín en sus cuadros. Archivo alojado en el CDN de la página oficial hptu.org.
Pontificia Universidad Javeriana,,Educación,Bogotá,Informe de Sostenibilidad Ambiental 2024,2024,sostenibilidad,https://www.javeriana.edu.co/recursosdb/d/universidad-sostenible/informe-de-sostenibilidad-2024-pontificia-universidad-javeriana-digital,200 application/pdf; checked 2026-10-07,,,,"Portada: Informe de Sostenibilidad Ambiental 2024, Pontificia Universidad Javeriana. El mensaje es del rector de la Sede Central. El informe es ambiental, no un reporte GRI de toda la universidad."
Enka,,Manufactura / reciclaje de PET,Colombia,Informe de Sostenibilidad 2025,2025,sostenibilidad,https://www.enka.com.co/wp-content/uploads/2026/03/IS_2025_enka_completo_V2_C.pdf,200 application/pdf; checked 2026-10-07,,,,"Portada: Informe de Sostenibilidad 2025. PDF completo en el sitio de Enka, enlace también desde https://www.enka.com.co/informe-de-sostenibilidad/. La sede no queda impresa en las primeras 20 páginas."
Fundación Santa Fe de Bogotá,,Salud,Bogotá,Informe de Sostenibilidad FSFB 2024,2024,sostenibilidad,https://fundacionsantafedebogota.org/sites/institucional/files/2025-06/Informe%20de%20Sostenibilidad%202024.pdf,200 application/pdf; checked 2026-10-07,,,,El PDF se encabeza Informe de Sostenibilidad FSFB 2024 y nombra a la Fundación Santa Fe de Bogotá.
TEBSA,Termobarranquilla S.A. E.S.P.,Energía térmica,Soledad,Informe de Sostenibilidad 2024,2024,GRI,https://tebsa.com.co/wp-content/uploads/2025/04/INFORME-DE-SOSTENIBILIDAD-2024-VF-1.pdf,200 application/pdf; checked 2026-10-07,,,,"Portada: Informe de Sostenibilidad 2024. Razón social Termobarranquilla S.A. E.S.P. Planta en Soledad, Atlántico. Marcadores GRI en el texto."
Unibán,,Agroindustria bananera,"Urabá, Antioquia",Reporte Integrado de Gestión y Sostenibilidad 2024,2024,integrado,https://uniban.com/sostenibilidad/wp-content/uploads/Reporte_Sostenibilidad_2024_Uniban.pdf,200 application/pdf; checked 2026-10-07,,,,"Portada: Reporte Integrado de Gestión y Sostenibilidad 2024. El texto ubica el origen y la operación agrícola en Urabá, Antioquia, con expansión en Magdalena."
Incauca,Incauca S.A.,Agroindustria azucarera,Cauca,Informe de Sostenibilidad 2025,2025,GRI,https://www.incauca.com/wp-content/uploads/2026/07/Informe-de-sostenibilidad-2025.pdf,200 application/pdf; checked 2026-10-07,Organización Ardila Lülle,,,Pie de página: Informe de Sostenibilidad 2025. La carta del presidente habla del año 2025. El índice incluye contenido GRI. Mismo grupo que Postobón e Ingenio Providencia; reporte propio.
Banco Santander Colombia,Banco Santander de Negocios Colombia S.A.,Banca,Bogotá,Informe de Sostenibilidad 2024,2024,sostenibilidad,https://www.santander.com.co/recursos/archivos/informe-anual-finanzas-verdes-sostenibles-2024.pdf,200 application/pdf; checked 2026-10-07,Grupo Santander,,,"Filial del Grupo Santander. Portada: Informe de Sostenibilidad 2024. Alcance 1 de enero a 31 de diciembre de 2024. Dirección: Calle 93 A No. 13-24, Bogotá. NIT 900.628.110-3 impreso en el informe."
INDUMIL,Industria Militar de Colombia,Industria,Bogotá,Informe de Gestión y Sostenibilidad 2024,2024,GRI,https://www.indumil.gov.co/wp-content/uploads/2025/06/Informe-de-Gestion-y-Sostenibilidad-2024.pdf,200 application/pdf; checked 2026-10-07,,,,"Portada: Informe de Gestión y Sostenibilidad 2024. Metodología GRI, periodo 1 de enero a 31 de diciembre de 2024. Oficinas centrales: Calle 44 # 54-11, Bogotá."
COMPAS,Compañía de Puertos Asociados S.A.,Puertos,Cartagena,Informe de Sostenibilidad 2024,2024,GRI,https://compas.com.co/wp-content/uploads/2025/06/COMPAS_Informe-de-gestion-2024.pdf,200 application/pdf; checked 2026-10-07,,,,"La portada dice Informe de Gestión 2024. El cuerpo presenta el Informe de Sostenibilidad del 1 de enero al 31 de diciembre de 2024, de conformidad con GRI 2021, para la red portuaria en Colombia (Cartagena, Barranquilla, Tolú y Buenaventura)."
Metro de Medellín,Empresa de Transporte Masivo del Valle de Aburrá Ltda.,Transporte,Medellín,Memoria de Sostenibilidad 2024,2024,GRI,https://www.metrodemedellin.gov.co/hubfs/memorias-de-sostenibilidad/2024/Memoria_%20Sostenibilidad_MetrodeMedellin_2024.pdf,200 application/pdf; checked 2026-10-07,,,,El PDF se titula Memoria de Sostenibilidad y fija el periodo del 1 de enero de 2024 al 31 de diciembre de 2024. Medellín aparece en el documento.
Porvenir,Sociedad Administradora de Fondos de Pensiones y Cesantías Porvenir S.A.,Pensiones y cesantías,Bogotá,Informe de Sostenibilidad 2024,2024,GRI,https://www.porvenir.com.co/documents/20152/0/informe-sostenibilidad-2024-porvenir.pdf/e19fc738-d797-5ef9-d1b8-a981374390df?t=1712172235227,200 application/pdf; checked 2026-10-07,Grupo Aval,,,Quinto informe de sostenibilidad en metodología GRI. Periodo 1 de enero a 31 de diciembre de 2024. Dirección general en Bogotá. El grupo matriz Aval está en la lista de exclusión; este reporte es de Porvenir.
Manuelita,,Agroindustria,Valle del Cauca,Informe de Sostenibilidad 2023-2024,2024,sostenibilidad,https://www.manuelita.com/wp-content/uploads/2025/09/Informe-de-Sostenibilidad-Manuelita-2023-2024.pdf,200 application/pdf; checked 2026-10-07,,,,"El título impreso es Informe de Sostenibilidad 2023 · 2024, así que el año que cuenta es 2024. El texto menciona gestión en municipios del Valle del Cauca, entre ellos Palmira y Cali."
Ingenio Providencia,,Agroindustria azucarera,Valle del Cauca,Informe de Sostenibilidad 2025,2025,sostenibilidad,https://www.providenciaco.com/wp-content/uploads/2026/06/Informe-de-sostenibilidad-Providencia-2025.pdf,200 application/pdf; checked 2026-10-07,Organización Ardila Lülle,,,"Portada: Informe de Sostenibilidad 2025. El texto recuerda el origen como Central Azucarero del Valle, en el Valle del Cauca. Reporte propio, distinto del de Incauca y Postobón."
Drummond,Drummond Ltd.,Minería,Cesar,Informe de Sostenibilidad 2024,2024,GRI,https://drummondltd.com/wp-content/uploads/2025/09/Informe-de-Sostenibilidad-2024-Drummond-Ltd.pdf,200 application/pdf; checked 2026-10-07,Drummond Company,,,"Filial de matriz estadounidense. Portada: Informe de Sostenibilidad 2024. El texto cubre el corredor minero del Cesar (La Jagua de Ibirico, Chiriguaná, El Paso) y relaciona a Valledupar y Santa Marta. Referencia GRI."
Aguas de Malambo,Aguas de Malambo S.A. E.S.P.,Agua,Malambo,Informe de Sostenibilidad 2024,2024,sostenibilidad,https://www.grupo-epm.com/content/dam/Grupo-Epm/aguas-de-malambo/nuestra-gestion/informes-de-sostenibilidad/INF%20SOSTENIBILIDAD%202024.pdf,200 application/pdf; checked 2026-10-07,Grupo EPM,,,"Portada: 2024 Informe de sostenibilidad, Aguas de Malambo. Razón social Aguas de Malambo S.A. en el PDF."
ESSA,Electrificadora de Santander S.A. E.S.P.,Energía,Bucaramanga,Informe de Sostenibilidad 2024,2024,sostenibilidad,https://www.essa.com.co/site/Portals/0/documentos/transparencia-ita/transparencia-essa/informes-de-sostenibilidad/Informe-de-sostenibilidad-2024-ESSA-web.pdf,200 application/pdf; checked 2026-10-07,Grupo EPM,,,El texto presenta el informe de sostenibilidad de Electrificadora de Santander correspondiente a 2024 y el informe integrado de la gestión 2024. Ubica el origen del servicio en Bucaramanga.
Findeter,Financiera de Desarrollo Territorial S.A.,Banca de desarrollo,Bogotá,Informe de Gestión y Sostenibilidad 2024,2024,sostenibilidad,https://www.findeter.gov.co/system/files/internas/IGS-2024-Final-.pdf,200 application/pdf; checked 2026-10-07,,,,El PDF rotula Informe de Gestión y Sostenibilidad 2024 y desarrolla el enfoque de sostenibilidad de la vigencia 2024. Entidad de orden nacional; el archivo está en findeter.gov.co.
Efigas,Efigas Gas Natural S.A. E.S.P.,Gas natural,Manizales,Informe de Gestión y Sostenibilidad 2024,2024,sostenibilidad,https://www.efigas.com.co/ef_resources/2025/03/Informe-de-Gestion-y-Sostenibilidad-Efigas-2024.pdf,200 application/pdf; checked 2026-10-07,Promigas,,,"La carta del gerente presenta el Informe de Gestión y Sostenibilidad 2024. Contacto en Manizales, Avenida Kevin Ángel # 70-70. Cubre Caldas, Risaralda y Quindío. Promigas, la matriz, está excluida; este reporte es de Efigas."
ALIÓN,Empresa Colombiana de Cementos S.A.S.,Cemento,Colombia,Informe de Sostenibilidad 2024,2024,GRI,https://alion.com.co/wp-content/uploads/2025/06/ALION-Informe-Sostenibilidad-2024.pdf,200 application/pdf; checked 2026-10-07,ALIÓN,,,"Portada: Informe de Sostenibilidad 2024. Primer informe, periodo 1 de enero a 31 de diciembre de 2024, estándares GRI. Cubre Empresa Colombiana de Cementos S.A.S., Insumos y Agregados de Colombia S.A.S. y Concretos ALIÓN S.A.S. La ciudad de la sede no queda impresa en las primeras páginas."
Industrias Spring,Industrias Spring S.A.S.,Manufactura,Cota,Informe de Sostenibilidad 2024,2024,GRI,https://marca.colchonesspring.com.co/Informe-sostenibilidad-2024.pdf,200 application/pdf; checked 2026-10-07,,,,"Portada: Informe de Sostenibilidad 2024. Periodo 1 de enero a 31 de diciembre de 2024, estándares GRI. Sede principal en Cota, Cundinamarca; plantas en Armenia y Barranquilla."
Harinera del Valle,,Alimentos,Valle del Cauca,Reporte de Sostenibilidad 2024,2024,GRI,https://www.hv.com.co/wp-content/uploads/2025/05/Reporte-de-Sostenibilidad-2024.pdf,200 application/pdf; checked 2026-10-07,,,,"Portada: Reporte de Sostenibilidad 2024. Periodo 1 de enero a 31 de diciembre de 2024, estándar GRI esencial, y adhesión al Pacto Global. La compañía se nombra Harinera del Valle."
Zeuss,Zeuss S.A.S.,Químicos,Girardota,Reporte de Sostenibilidad 2024,2024,GRI,https://zeuss.com.co/wp-content/uploads/2025/09/Informe_de_sostenibilidad_Zeuss_2024_F.pdf,200 application/pdf; checked 2026-10-07,,,,Portada: Reporte de Sostenibilidad 2024 de Zeuss S.A.S. El texto cierra el informe a diciembre de 2024 y menciona la planta de Girardota. Lineamientos GRI.
Veolia Colombia y Panamá,,Servicios ambientales,Colombia,Memoria de Sostenibilidad 2024,2024,sostenibilidad,https://www.santander.veolia.co/sites/g/files/dvc3001/files/document/2025/05/Memoria%20de%20Sostenibilidad%202024%20%281%29.pdf,200 application/pdf; checked 2026-10-07,Veolia,,,"Filial multinacional. Portada: Memoria de Sostenibilidad Veolia Colombia y Panamá 2024. El reporte es el de la operación del país, no el informe global de Veolia. Cubre Colombia y Panamá."
Tecnoglass,,Manufactura de vidrio,Barranquilla,Informe de Sostenibilidad 2024,2024,GRI,https://www.tecnoglass.com/wp-content/uploads/2025/09/Informe-de-Sostenibilidad-Espan%CC%83ol-2024_compressed-1.pdf,200 application/pdf; checked 2026-10-07,Tecnoglass Inc.,,,"Empresa con matriz listada en Estados Unidos y planta en Barranquilla. Portada: Informe de Sostenibilidad 2024. Periodo 1 de enero a 31 de diciembre de 2024, GRI 2021, COP y SASB, según el texto del PDF."
CENS,Centrales Eléctricas de Norte de Santander S.A. E.S.P.,Energía,Cúcuta,Informe Ejecutivo de Sostenibilidad 2024,2024,sostenibilidad,https://www.cens.com.co/Portals/cens/institucional/informes-de-sostenibilidad/2024/Informe%20Ejecutivo%20de%20Sostenibilidad%20CENS%202024.pdf,200 application/pdf; checked 2026-10-07,Grupo EPM,,,"Portada: Informe Ejecutivo de Sostenibilidad 2024. La carta lo llama también Informe de Sostenibilidad 2024, vigencia 2024. El texto nombra a Cúcuta. Es la versión ejecutiva publicada por CENS; el informe completo está en el mismo portal."
Grupo Auteco,Auteco S.A.S.,Movilidad,Medellín,Informe de Sostenibilidad 2024,2024,GRI,https://media.autecomobility.com/recursos/web/informes/Informe_Auteco2024_23_04_2025_V4.pdf,200 application/pdf; checked 2026-10-07,Grupo Auteco,,,"El texto presenta el Informe de Sostenibilidad 2024 de Auteco S.A.S. y Auteco Mobility S.A.S., del 1 de enero al 31 de diciembre de 2024, bajo GRI. Medellín aparece en el documento. Plantas citadas en el informe en Cartagena y Rionegro."
Ultracem,Ultracem S.A.S.,Cemento,Galapa,Informe de Sostenibilidad 2024,2024,GRI,https://ultracem.co/wp-content/uploads/2025/07/INFORME-DE-SOSTNIBILIDAD-2024_compressed.pdf,200 application/pdf; checked 2026-10-07,,,,"Portada: Informe de Sostenibilidad. El texto lo llama Informe de Sostenibilidad 2024 y fija el periodo del 1 de enero al 31 de diciembre de 2024, estándares GRI. Domicilio en Galapa, Atlántico. Cubre Ultracem S.A.S. y filiales en Colombia."
Aguas Nacionales,Aguas Nacionales EPM S.A. E.S.P.,Agua,Medellín,Memoria de sostenibilidad 2024,2024,integrado,https://www.grupo-epm.com/content/dam/Grupo-Epm/aguas-nacionales/nuestra-gestion/informes-de-sostenibilidad/infrome-gestion-aguas-nacionales-2024.pdf,200 application/pdf; checked 2026-10-07,Grupo EPM,,,La portada dice Informe de Gestión 2024 e Informe Integrado. El cuerpo lo llama memoria de sostenibilidad 2024 y usa contenidos GRI. Menciona el tratamiento de agua residual de Medellín y Bello.
Postobón,,Bebidas,Medellín,Informe de Sostenibilidad 2024,2024,sostenibilidad,https://informe2024.postobon.com/,200 text/html; checked 2026-10-07,Organización Ardila Lülle,,,Micrositio oficial del informe. El título de la página es Informe de Sostenibilidad 2024. El texto ubica el origen de la compañía en Medellín. No es un PDF.
Riopaila Castilla,Riopaila Castilla S.A.,Agroindustria azucarera,Cali,Informe de Sostenibilidad y Gestión 2024,2024,sostenibilidad,https://isyg2024.riopailacastilla.co/,200 text/html; checked 2026-10-07,,,,Sitio oficial del informe. Título: Informe de Sostenibilidad y Gestión 2024. La página «Sobre este informe» dice que la sede principal está en Cali. No se usó el PDF de la fundación del grupo.
Universidad EAFIT,,Educación,Medellín,Informe de Sostenibilidad 2024,2024,GRI,https://www.eafit.edu.co/informe-de-sostenibilidad-2024,200 text/html; checked 2026-10-07,,,,"Página oficial del informe. Título: Informe de Sostenibilidad 2024. El índice GRI del mismo sitio fija el periodo del 1 de enero de 2024 al 31 de diciembre de 2024. Dirección impresa: Carrera 49 N° 7 Sur-50, Medellín. No es un PDF."
Colsubsidio,,Caja de compensación,Bogotá,Informe de Gestión y Sostenibilidad 2024,2024,GRI,https://cms.colsubsidio.com/sites/default/files/Documentos/colsubsidio/2025/informe-de-gestion-y-sostenibilidad-colsubsidio-2024.pdf,200 application/pdf; checked 2026-10-07,,,,"El PDF dice que el informe de gestión y sostenibilidad anual presenta los resultados de la Corporación en 2024, conforme a GRI, e incluye Pacto Global y SASB. Bogotá aparece en el documento."
Ocensa,Oleoducto Central S.A.,Hidrocarburos / transporte,Bogotá,Informe de Gestión y Sostenibilidad 2024,2024,GRI,https://ocensa.com.co/sites/default/files/inline-files/informe-gestion-sostenibilidad-2024-ocensa.pdf,200 application/pdf; checked 2026-10-07,,,,El texto presenta el Informe de gestión y sostenibilidad y dice que da cuenta de la gestión entre el 1 de enero y el 31 de diciembre de 2024. Sede en Bogotá. Ecopetrol es accionista; Ocensa es otra sociedad. Referencias GRI.
Coomeva,,Cooperativa,Cali,Informe de Sostenibilidad Pacto Global 2024,2024,COP,https://www.coomeva.com.co/loader.php?lServicio=Tools2&lTipo=descargas&lFuncion=descargar&idFile=lgLUiN1YxVYaMidJvTjMbDpDL0ZnSVJDaw,200 application/octet-stream; PDF opened; checked 2026-10-07,Grupo Coomeva,,,"El enlace de descarga del sitio de Coomeva, rotulado Informe COP Coomeva 2024_fin.pdf (publicación 25/04/2025), abre un PDF titulado Informe de Sostenibilidad Pacto Global 2024 e Informe de Sostenibilidad · Gestión 2024. El documento lista la regional Cali."
San Vicente Fundación,,Salud,Medellín,Informe de Sostenibilidad 2024,2024,sostenibilidad,https://hospitalmedellin.sanvicentefundacion.com/sites/default/files/2025-04/2024-informe-de-sostenibilidad.pdf,200 application/pdf; checked 2026-10-07,,,,"Portada: Informe de Sostenibilidad 2024, de las entidades San Vicente Fundación. El PDF menciona Medellín y Rionegro. Publicado en el sitio del hospital de Medellín."
Mayagüez,Mayagüez S.A.,Agroindustria azucarera,Candelaria,Informe de Sostenibilidad 2024,2024,GRI,https://ingeniomayaguez.com/inicio/wp-content/uploads/2025/04/INFORME-DE-SOSTENIBILIDAD-MAYAGUEZ-2024-1.pdf,200 application/pdf; checked 2026-10-07,,,,"El PDF dice Informe de sostenibilidad 2024, emitido por Mayagüez S.A., con marcador GRI 2-1. Planta en Candelaria, km 2 vía Candelaria-Florida; pie Santiago de Cali, 2025, que es la fecha de emisión, no el año del reporte."
LaCardio,Fundación Cardioinfantil – LaCardio,Salud,Bogotá,Informe Anual de Gestión y Sostenibilidad 2025,2025,GRI,https://www.lacardio.org/wp-content/uploads/2026/08/informe-de-sostenibilidad-resumen-ejecutivo-2025_vf2.pdf,200 application/pdf; checked 2026-10-07,,,,El PDF se titula Resumen ejecutivo del Informe Anual de Gestión y Sostenibilidad 2025 y dice que sintetiza ese informe. Incluye correspondencia GRI y ODS. Es el documento de sostenibilidad que LaCardio publica para 2025.
