nit,domain,email,page_url,method
804014818-5,gaspromesa.com,promesaesp@hotmail.com,https://WWW.GASPROMESA.COM/,homepage
804011800-1,insesp.com,ins@insesp.com,https://WWW.INSESP.COM/,mailto
804011800-1,insesp.com,servicioalcliente@insesp.com,https://WWW.INSESP.COM/,mailto
804011800-1,insesp.com,servicio_al_cliente@insesp.com,https://WWW.INSESP.COM/contact,contact_page
890207976-2,emeingenieria.com.co,comercial@emeingenieria.com.co,http://WWW.EMEINGENIERIA.COM.CO/,homepage
890204814-4,mpi.net.co,servicioalcliente@mpi.net.co,https://WWW.MPI.NET.CO/,homepage
13544141-2,alcamseguridad.com,comercial@alcamseguridad.com,https://WWW.ALCAMSEGURIDAD.COM/,mailto
900884523-8,altecingenieriadecolombia.com,proyectos@altecingenieriadecolombia.com,https://WWW.ALTECINGENIERIADECOLOMBIA.COM/,mailto
804013341-1,coneltecsas.com.co,contacto@coneltecsas.com,https://CONELTECSAS.COM.CO/,homepage
804015104-1,crudesan.com,acomercial@crudesan.com,https://WWW.CRUDESAN.COM/contacto,contact_page
804015104-1,crudesan.com,comercial@crudesan.com,https://WWW.CRUDESAN.COM/contacto,contact_page
804015104-1,crudesan.com,ventas@crudesan.com,https://WWW.CRUDESAN.COM/contacto,contact_page
901100311-3,enertek.com.co,gerente.tecnico@enertek.com.co,https://WWW.ENERTEK.COM.CO/,homepage
901029288-9,exselectric.com.co,gerencia@exselectric.com.co,https://WWW.EXSELECTRIC.COM.CO/,homepage
901029288-9,exselectric.com.co,servicioalcliente@exselectric.com.co,https://WWW.EXSELECTRIC.COM.CO/,homepage
900759077-1,glground.co,info@glground.co,https://WWW.GLGROUND.CO/,mailto
900759077-1,glground.co,zelt28@gmail.com,https://WWW.GLGROUND.CO/,homepage
901521979-9,imasec.com.co,comercial@imasec.com.co,https://WWW.IMASEC.COM.CO/,mailto
901521979-9,imasec.com.co,contactenos@imasec.com.co,https://WWW.IMASEC.COM.CO/,mailto
900867773-0,inproenergia.com.co,jgcadena@inproenergia.com.co,https://WWW.INPROENERGIA.COM.CO/,mailto
901029619-3,itenergy.com.co,info@itenergy.com.co,https://WWW.ITENERGY.COM.CO/,mailto
900445192-0,sachar.com.co,fotovoltaica@sachar.com.co,http://WWW.SACHAR.COM.CO/,homepage
901281659-6,satingenieria.com,comercial@satingenieria.com,https://WWW.SATINGENIERIA.COM/,homepage
901177989-7,somosges.com,info@gesesp.com.co,https://SOMOSGES.COM/contacto,contact_page
901177989-7,somosges.com,info@somosges.com,https://SOMOSGES.COM/contacto,mailto
60300400-9,uricer.com,soporte@uricer.com,https://WWW.URICER.COM/,homepage
