company,legal_name,sector,city_hq,report_year,report_title,standards,standard_quote,quote_page,assurance,materiality,materiality_page,source_url,parent_group,ciiu,notes
Triple A,"Sociedad de Acueducto, Alcantarillado y Aseo de Barranquilla S.A. E.S.P.",Agua y saneamiento,Barranquilla,2024,Informe de Gestión y Sostenibilidad 2024,GRI de conformidad; Comunicación para el Progreso (Pacto Global); NIIF S1 y S2; TCFD,Este Informe se elaboró de conformidad con los estándares GRI; cumple la Comunicación para el Progreso del Pacto Global y las NIIF S1 y S2.,6,Revisoría fiscal Crowe Co S.A.S. sobre información financiera. Aseguramiento del informe de sostenibilidad: Pendiente.,y,17,https://media.aaa.com.co/2025/03/InformeAAA-2024_WEB.pdf,Pendiente,por validar,Doble materialidad en el propio informe. TCFD también citado (p. 20 del texto).
Ban100,BANCIEN S.A.,Servicios financieros,Bogotá,2024,Informe integrado de gestión y sostenibilidad 2024,GRI opción esencial; SASB bancos comerciales,Este informe se ha elaborado de conformidad con los estándares GRI: opción esencial. También requerimientos SASB para bancos comerciales.,5,EY Audit S.A.S. figura como revisor fiscal. Aseguramiento del informe de sostenibilidad: Pendiente.,y,18,https://www.ban100.com.co/sites/default/files/pdf/general/2025-04/Ban100_2024_Informe_Gestion_Y_Sostenibilidad__compressed_compressed_compressed.pdf,,por validar,"Oficina principal Carrera 7 N.° 76-35 piso 9, Bogotá. Cuenta dentro del tope de financieros."
ODL,Oleoducto de los Llanos Orientales S.A.,Transporte de hidrocarburos,Bogotá,2024,Reporte Integrado de Gestión Sostenible 2024,GRI conforme; SASB; TCFD; Pacto Global,ODL ha elaborado el informe conforme a los Estándares GRI para el periodo comprendido entre el 1 de enero y el 31 de diciembre de 2024.,146,"y, ICONTEC (declaración de verificación, p. 147).",y,23,https://www.pactoglobal-colombia.org/biblioteca/publicaciones/informes-de-sostenibilidad-miembros-participantes/oleoducto-de-los-llanos-orientales-informe-de-sostenibilidad-01-de-enero-2024-31-de-diciembre-2024.html,Pendiente (Ecopetrol es accionista; el control no se afirma en las páginas leídas),por validar,SASB en p. 5. Doble materialidad 2024: 11 temas materiales aprobados (p. 24).
EDEQ,Empresa de Energía del Quindío S.A. E.S.P.,Energía,Armenia,2024,Informe de Sostenibilidad 2024,GRI opción esencial; Comunicación sobre el Progreso del Pacto Global,"Reportamos nuestro undécimo informe de sostenibilidad elaborado de conformidad con el Estándar del Global Reporting Initiative - GRI, en su opción Esencial. Periodo 1 de enero a 31 de diciembre de 2024.",5,n. El informe dice: A la fecha este informe no cuenta con verificación externa.,y,26,https://sostenibilidad.edeq.com.co/assets/2024/Informe-de-Sostenibilidad-Consolidado.pdf,Grupo EPM,por validar,"La materialidad reportada es la del Grupo EPM, adoptada por EDEQ (p. 6 y p. 26)."
Afinia,Caribemar de la Costa S.A.S. E.S.P.,Energía,Caribe colombiano (Cartagena en el texto),2025,Informe de sostenibilidad 2025,GRI con referencia; Pacto Global,"El informe ha sido elaborado de conformidad con los Estándares Global Reporting Initiative (GRI), bajo el enfoque con referencia.",2,Pendiente,y,39,https://www.pactoglobal-colombia.org/biblioteca/publicaciones/informes-de-sostenibilidad-miembros-participantes/321_informe-de-sostenibilidad-2025-afinia-filial-del-grupo-epm/71ecae98230e512d697c19845a2c7e43.html,Grupo EPM,por validar,La frase dice de conformidad y a continuación fija el enfoque con referencia. No se cuenta como in accordance.
Hocol,Hocol S.A.,Petróleo y gas,Bogotá (sede administrativa),2024,Informe de Sostenibilidad Hocol 2024,GRI como referencia; IFRS S1 y S2 (divulgación parcial); Pacto Global,"Tomando como referencia los parámetros de la metodología de la Global Reporting Initiative (GRI). Primera divulgación voluntaria con referencia a IFRS S1 e IFRS S2, declaración parcial.",5,"n. El informe no ha sido sometido a verificación por terceras partes externas. ICONTEC verificó inventarios GEI de años anteriores, no el informe completo.",y,33,https://www.hocol.com.co/index.php/file-download/download/public/17254,Ecopetrol,por validar,Doble materialidad 2024.
ACI Proyectos,ACI PROYECTOS S.A.S.,Construcción e ingeniería,Bogotá,2025,Informe de Sostenibilidad 2025,GRI con referencia,Este informe ha sido elaborado en referencia con los Estándares Global Reporting Initiative (GRI).,5,n. No sometido a verificación externa independiente.,y,32,https://www.pactoglobal-colombia.org/biblioteca/publicaciones/informes-de-sostenibilidad-miembros-participantes/328_informe-de-sostenibilidad-2025-aci-proyectos-sas/791f2f41f6e28b3f97586ec51a59f0f8.html,,por validar,"Alcance también Perú y Chile. Índice GRI p. 105: con referencia a los Estándares GRI. Dirección en el informe: Calle 7 No 156-10, Bogotá."
SAG,Servicios Ambientales y Geográficos S.A.,Servicios ambientales,Medellín,2024,Informe de sostenibilidad 2024,GRI 2021 con referencia; SASB,"La información presentada ha sido preparada con referencia a los Estándares del Global Reporting Initiative (GRI) 2021, los estándares SASB y una serie de indicadores propios.",3,n. No ha sido sometido a verificación externa.,y,10,https://www.pactoglobal-colombia.org/biblioteca/publicaciones/informes-de-sostenibilidad-miembros-participantes/servicios-ambientales-y-geograficos-s-a-informe-de-sostenibilidad-2024.html,,por validar,Primer informe de sostenibilidad. Adherido a Pacto Global desde 2018.
Indra Colombia,Indra Colombia,Tecnología,Bogotá,2024,Informe de Sostenibilidad Indra Colombia 2024,GRI (directrices de la versión estándar),El informe sigue las directrices del Global Reporting Initiative (GRI) en su versión estándar.,10,Pendiente,y,16,https://www.pactoglobal-colombia.org/biblioteca/publicaciones/informes-de-sostenibilidad-miembros-participantes/indra-colombia-informe-de-sostenibilidad-01-de-enero-2024-31-de-diciembre-2024.html,Indra (España),por validar,"La doble materialidad descrita es la de Indra Company, aplicada en el informe de Colombia. Oficinas también en Barranquilla y Medellín."
CHEC,Central Hidroeléctrica de Caldas S.A. E.S.P. BIC,Energía,Manizales,2024,Informe de sostenibilidad CHEC 2024,GRI conforme; Pacto Global; indicadores SASB IF-EU,La Central Hidroeléctrica de Caldas S.A E.S.P BIC ha elaborado el informe conforme a los Estándares GRI para el periodo comprendido entre el 1/01/2024 y el 31/12/2024.,9,n. CHEC no realizó una verificación externa basada en estándares GRI del informe 2024.,y,48,https://www.chec.com.co/content/dam/chec/documentos/main/transparencia/Informes-de-sostenibilidad-y-rendicion-de-cuentas/informes-sostenibilidad/2024/Informe%20de%20sostenibilidad%20CHEC%202024%20Nuestra%20empresa.pdf,Grupo EPM,por validar,"Sede central: Manizales, Estación Uribe, km 2 salida a Chinchiná. Temas materiales alineados al Grupo EPM 2022-2025."
Cerro Matoso,Cerro Matoso S.A.,Minería (ferroníquel),"Montelíbano, Córdoba (operación principal)",2024,Informe de Sostenibilidad 2024,GRI 2021 con referencia,Metodología. Estándares de Global Reporting Initiative (GRI versión 2021). El índice dice que ha reportado con referencia a los Estándares GRI para el periodo 1 de enero de 2022 a 31 de diciembre de 2024.,2,Pendiente,y,20,https://cerromatoso.com.co/wp-content/uploads/2025/07/REPORTE-DE-SOSTENIBILIDAD-2024-COMPLETO.pdf,South32,por validar,"El título es 2024. El índice GRI declara un periodo acumulado 2022-2024. Operación en Montelíbano, San José de Uré, Puerto Libertador y Planeta Rica."
Grupo AL,Grupo AL,Alimentos (insumos),Sabaneta,2024,Informe de Sostenibilidad 2024,GRI con referencia (GRI 1: Fundamentos 2021),Elaborado de acuerdo con los estándares del Global Reporting Initiative (GRI). El índice precisa: utilizando como referencia los Estándares GRI.,5,Pendiente,y,13,https://grupoal.com.co/wp-content/uploads/2025/04/INFORME-DE-SOSTENIBILIDAD-2024.pdf,,por validar,No es Grupo Alfa. Sede principal Sabaneta. También cita la Circular Externa 100-000010 de 2023 de Supersociedades.
Oleoducto de Colombia,Oleoducto de Colombia S.A.,Transporte de hidrocarburos,Pendiente (trazado Vasconia–Coveñas),2024,Informe Integrado de Gestión 2024,GRI en referencia; SASB; TCFD,El informe se elaboró en referencia a los Estándares del Global Reporting Initiative (GRI).,5,"Pendiente (hay revisoría fiscal de estados financieros, no una declaración de aseguramiento del informe).",y,40,https://www.oleoductodecolombia.com/wp-content/uploads/2025/04/NS_Informe_Integrado_2024_26_marzo_compressed-1.pdf,Ecopetrol,por validar,También p. 2: ramos por primera vez en referencia a los estándares del GRI. Los 11 asuntos materiales provienen de un ejercicio de 2022.
Grupo Colpatria,Mercantil Colpatria S.A.,Conglomerado,Bogotá,2024,Informe de Gestión y Sostenibilidad 2024,GRI 2021 con referencia; Comunicación de Progreso del Pacto Global,"Ha sido elaborado de referencia del estándar Global Reporting Initiative (GRI), en su versión 2021, en concordancia con los lineamientos del Pacto Global y su Comunicación de Progreso.",3,Pendiente,y,38,https://www.pactoglobal-colombia.org/biblioteca/publicaciones/informes-de-sostenibilidad-miembros-participantes/grupo-colpatria-informe-de-sostenibilidad-2024.html,,por validar,El informe anuncia una migración futura hacia SASB e IFRS S1/S2; eso no es la base de este reporte. No se clasifica como financiero puro.
Grupo Coquecol,Grupo Coquecol,Logística de carbón y acero,Pendiente,2024,Informe de Gestión y Sostenibilidad 2024,GRI opción de referencia; Pacto Global,Elaborado con los estándares GRI en su opción de referencia. Adherida al Pacto Global de Naciones Unidas.,7,"Pendiente. Deloitte & Touche aparece como revisoría en el marco societario, no como asegurador del informe de sostenibilidad.",y,40,https://www.pactoglobal-colombia.org/biblioteca/publicaciones/informes-de-sostenibilidad-miembros-participantes/grupo-coquecol-informe-de-sostenibilidad-2024.html,,por validar,El índice anuncia materialidad en la página impresa 40.
Cenit,Cenit Transporte y Logística de Hidrocarburos S.A.S.,Transporte de hidrocarburos,Bogotá,2024,Informe Integrado de Gestión Sostenible 2024,GRI con referencia; SASB Oil & Gas Midstream; citas ISSB S1/S2,Cenit ha presentado la información citada en este índice de contenidos GRI para el periodo comprendido entre 1 de enero y 31 de diciembre de 2024 utilizando como referencia los Estándares GRI.,261,"Pendiente. ICONTEC aparece por carbono neutral, no como asegurador del informe.",y,11,https://cenit-transporte.com/wp-content/uploads/2025/10/INFORME%20SOSTENIBILIDAD%20CENIT%202024.pdf,Ecopetrol,por validar,Sede principal Bogotá D.C. Índice SASB en p. 267. GRI 11 Petróleo y Gas.
SierraCol Energy,SierraCol Energy,Petróleo y gas,Bogotá,2024,Reporte de Sostenibilidad 2024,GRI; SASB; TCFD; TNFD; IPIECA,"Este informe está alineado con los estándares y marcos informativos relevantes para el sector de petróleo y gas: GRI, SASB, TCFD, TNFD e IPIECA.",4,"y, PricewaterhouseCoopers, verificación independiente del informe.",y,9,https://sierracolenergy.com/cms/uploads/Informe_de_Sostenibilidad_2024_Sierra_Col_Energy_46fc8bd3c8.pdf,,por validar,"Alineado con, no la fórmula de conformidad GRI. Oficinas en Bogotá. Alcance: áreas operadas Caño Limón y Llanos Central."
Reficar,Refinería de Cartagena S.A.S.,Refinación de hidrocarburos,Cartagena,2024,Informe de Gestión y Sostenibilidad 2024,GRI 2021 como referencia; Pacto Global,"Adoptamos los estándares de la Global Reporting Initiative 2021 (GRI), como referencia para la elaboración y presentación anual del Informe de Gestión y Sostenibilidad 2024.",6,n. El informe dice que no cuenta con verificación externa en materia de sostenibilidad.,y,56,https://www.refineriadecartagena.com.co/Informe%20de%20Gesti%C3%B3n%20y%20Sostenibilidad%202024.pdf,Ecopetrol,por validar,La página 56 es la que el índice impreso asigna al análisis de materialidad.
Constructora Contex,Constructora Contex S.A.S. BIC,Construcción,Medellín y Bogotá,2024,Informe de Gestión GRI 2024,GRI informe esencial,"Este informe se realiza dentro del marco del Programa Reporte GRI para Sociedades BIC, siguiendo los requerimientos y lineamientos para la presentación de un informe esencial bajo la metodología GRI.",3,n. No se realiza verificación externa.,y,3,https://contex.com.co/wp-content/uploads/2025/05/InformeGri2024.pdf,,por validar,"Lista propia de temas materiales en la misma página (GRI 201, 202, 204, 205, 301, 302, 303, 305, 306, 401, 403, 404, 405, 413, 418). Nació en el área metropolitana; desde 2022 también Bogotá."
Interaseo,Interaseo S.A.S. E.S.P.,Aseo y gestión de residuos,Medellín,2024,Informe de Sostenibilidad 2024,GRI modalidad esencial; Pacto Global,"Este informe ha sido elaborado conforme a la modalidad Esencial de los Estándares GRI (Global Reporting Initiative), en su versión más reciente.",8,n. No ha sido auditado por un ente de verificación externo.,y,17,https://interaseo.com.co/wp-content/uploads/2026/05/Informe-Sostenibilidad-InterAseo-2024-Baja.pdf,,por validar,"Sede principal El Poblado, Medellín. El índice GRI ubica la lista de temas materiales en 3.3 Materialidad, p. 17."
ETB,Empresa de Telecomunicaciones de Bogotá S.A. E.S.P.,Telecomunicaciones,Bogotá,2024,Reporte integrado 2024,GRI 2021 con referencia; Pacto Mundial; TCFD; SASB,"Este reporte fue elaborado utilizando como referencia los Estándares del Global Reporting Initiative (GRI) en su versión 2021, los 10 Principios del Pacto Mundial, TCFD y SASB.",3,Pendiente,y,24,https://etb.com/corporativo/UploadFile/Resultados/2025-04-01-15-55-32_REPORTE-INTEGRADO-2024.pdf,Distrito Capital de Bogotá (accionista mayoritario),por validar,Periodo 1 de enero a 31 de diciembre de 2024. La página 24 es la que el índice impreso asigna a la matriz de materialidad.
Movistar Colombia,Colombia Telecomunicaciones S.A. ESP BIC,Telecomunicaciones,Bogotá,2024,Informe de Gestión Responsable 2024,GRI conforme; Pacto Global,Colombia Telecomunicaciones S.A. ESP BIC ha elaborado el presente informe conforme a los Estándares GRI para el período comprendido entre el 1 de enero y el 31 de diciembre de 2024.,sección Acerca de este informe,Pendiente,y,sección Organization / Materiality,https://descubre.movistar.co/informe-de-gestion-responsable-2024/es/acerca.html,Telefónica,por validar,"Informe HTML de la compañía, no un PDF. Lista propia de 18 temas materiales en siete dimensiones. Distinta de Tigo/Colombia Móvil, que está excluida."
Air-e,Air-e S.A.S. E.S.P.,Energía,Barranquilla,2024,Informe integrado de gestión 2024,"GRI con referencia (series 200, 300 y 400)",Este informe integrado de gestión fue realizado tomando como referencia los estándares de la Global Reporting Initiative (GRI) aplicables. 200 Económico – 300 ambiental - GRI 400 social.,2,Pendiente,Pendiente,Pendiente,https://www.air-e.com/assets/documents/sostenibilidad/informes/GRI2024.pdf,,por validar,El sitio menciona asuntos materiales; dentro del PDF abierto no se localizó la lista.
Parex,Parex Resources,Petróleo y gas,Bogotá (oficina operativa); Calgary (casa matriz),2024,Informe de Sostenibilidad 2024,GRI con referencia; SASB; TCFD,Este informe ha sido elaborado con referencia a los Estándares del Global Reporting Initiative (GRI).,3,Pendiente. La p. 3 menciona CSAE 3410; no se aisló una carta de aseguramiento del informe completo.,y,12,https://www.parexresources.com/wp-content/uploads/2025/09/2024-Parex-Sustainability-Report_SP_FINAL.pdf,Parex Resources Inc. (Canadá),por validar,La operación descrita es la de Colombia. Participante UNGC: Parex Resources Colombia Ltd Sucursal. No es un informe solo de la sucursal.
MTS,MTS,Operación de activos inmobiliarios,Bogotá,2024,Informe anual de sostenibilidad 2024,GRI; Pacto Mundial,El presente informe anual de sostenibilidad ha sido desarrollado con base en los estándares del Global Reporting Initiative (GRI) versión estándar y los diez principios del Pacto Mundial. Periodo 1 de enero a 31 de diciembre de 2024.,4,Pendiente,y,60,https://mts.com.co/wp-content/uploads/2026/01/Informe-de-sostenibilidad-2024_compressed.pdf,,por validar,"Operador de activos en Bogotá, Medellín, Cali y Barranquilla; también Panamá, Costa Rica, Chile y Perú. Ocho asuntos materiales priorizados. La página 60 es la impresa junto al capítulo Materialidad."
Emtelco,Emtelco S.A.S.,Servicios BPO,Medellín,2024,Informe de Gestión y Sostenibilidad 2024,GRI 1 de conformidad; Comunicación de Progreso del Pacto Global,Para su elaboración se tuvo como referente los contenidos generales del GRI 2021. Este informe se ha elaborado de conformidad con la guía GRI 1. Fundamentos 2021.,6,Pendiente,y,35,https://emtelco.com.co/extranet/images/Acerca_de_emtelco/Sostenibilidad/Informe_de_Gestion_y_Sostenibilidad_emtelco_2024_definitivo_WEB.pdf,,por validar,"Correspondencia: Medellín, Sede Olaya, Calle 14 # 52A 174. Matriz de doble materialidad en p. 35."
Navitrans,Navitrans,Transporte,Itagüí / red nacional,2024,Informe de Sostenibilidad 2024,GRI opción esencial,"El informe se ajusta a los estándares del Global Reporting Initiative (GRI), bajo la opción Esencial.",15,Pendiente. El índice incluye GRI 2-5 sin una carta de aseguramiento localizada.,Pendiente,Pendiente,https://www.navitrans.com.co/wp-content/uploads/2026/02/Informe-GRI-2024-Navitrans.pdf,,por validar,Primer informe GRI. Bodega de repuestos en Itagüí. No se encontró la palabra materialidad en el texto extraído.
AED Constructores,AED Constructores,Construcción,Pendiente,2024,Reporte de Sostenibilidad 2024,GRI con referencia; SASB; GRESB,"Para su reporte de indicadores ASG, AED Constructores utiliza como referencia los Estándares GRI. Estos indicadores son complementados por indicadores del SASB Standard y GRESB Real Estate Assessment. Periodo 1 de enero a 31 de diciembre de 2024.",24,Pendiente,Pendiente,Pendiente,https://www.aed.com.co/wp-content/uploads/2026/02/Reporte-AED-Sostenibilidad-2024.pdf,,por validar,El índice repite: ha presentado la información citada en este índice de contenidos GRI utilizando como referencia los Estándares GRI.
Pavimentos Colombia,Pavimentos Colombia S.A.S.,Infraestructura vial,Bogotá,2024,Informe de Sostenibilidad 2024,GRI 2021 con referencia,"Presentar por segunda vez nuestro informe de sostenibilidad, correspondiente al período del 1 de enero al 31 de diciembre de 2024, utilizando como referencia los Estándares GRI 2021.",3,Pendiente,Pendiente,Pendiente,https://pavimentoscolombia.com/wp-content/uploads/2025/07/Pavimentos-Colombia_Informe-de-Sostenibilidad-2024.pdf,,por validar,"Sede principal Bogotá. Operaciones en Valle del Cauca, Cundinamarca y Tolima."
Aguas Regionales EPM,Aguas Regionales EPM S.A. E.S.P.,Agua,Urabá y occidente de Antioquia,2024,Informe de Sostenibilidad 2024,GRI (aspectos básicos del estándar),El Informe de sostenibilidad elaborado bajo los parámetros de transparencia e incorpora aspectos básicos de la metodología Estándar del Global Reporting Initiative - GRI. Gestión del 1 de enero al 31 de diciembre de 2024.,3,Pendiente,y,11,https://www.grupo-epm.com/content/dam/Grupo-Epm/aguas-regionales/institucional/informes-de-sostenibilidad/informe-de-sostenibilidad-2024.pdf,Grupo EPM,por validar,"Entidad distinta de Aguas Nacionales y Aguas de Malambo, ya excluidas. Los once temas materiales son los del Grupo EPM 2022-2025."
Llanogas,Llanogas S.A. E.S.P. BIC,Gas natural,Villavicencio,2024,Informe de Sostenibilidad 2024,"GRI 2021, estándar sectorial Oil & Gas","Ha sido elaborado de acuerdo a Global Reporting Initiative (GRI) 2021, aplicando el estándar sectorial de Oil & Gas. Periodo 1 de enero al 31 de diciembre de 2024.",7,n. Este informe no ha sido verificado por entidades externas.,Pendiente,Pendiente,https://ftp.llanogas.com/imagenes/responsabilidad/llanogas-informe-sostenibilidad-2024.pdf,,por validar,"Centro Empresarial Potenza, Villavicencio, Meta. Aprobado por gerencia, junta y asamblea en 2025."
GreenQuo,GreenQuo S.A.S. BIC,Servicios de sostenibilidad,Bogotá,2024,Informe de Sostenibilidad GRI 2024,GRI con referencia,Utilizando como referencia la metodología internacional GRI.,5,Pendiente,Pendiente,Pendiente,https://greenquo.co/wp-content/uploads/Informe-de-Sostenibilidad-2024.pdf,,por validar,"Carrera 45A No. 95-37, oficina 401, Bogotá. La empresa también presta servicios de reporte GRI, SASB y TCFD; eso no convierte este informe en un reporte SASB/TCFD."
ESI Consulting,ESI Consulting S.A.S. BIC,Servicios profesionales,Bogotá,2024,Informe de Gestión BIC 2024,GRI con referencia,"Ha presentado la información citada en este índice de contenidos GRI para el periodo comprendido entre enero de 2024 y diciembre de 2024, utilizando como referencia los Estándares GRI.",2,Pendiente,Pendiente,Pendiente,https://cmconsultores.com.co/wp-content/uploads/Informe-BIC-ESI-Consulting-2024-1.pdf,,por validar,"Domicilio en el informe: carrera 13 No. 96-67, oficina 309, Bogotá. Notificó a GRI el informe referenciado."
EMCALI,Empresas Municipales de Cali E.I.C.E. E.S.P.,"Servicios públicos (agua, energía y telecomunicaciones)",Cali,2024,Informe de Sostenibilidad EMCALI vigencia 2024,GRI 2021 (de acuerdo con los Estándares GRI; declara los nueve requerimientos de GRI 1),"El Informe de Sostenibilidad 2024 de EMCALI E.I.C.E. E.S.P. se ha elaborado de acuerdo con los Estándares GRI (Global Reporting Initiative) en su versión 2021. Para elaborar el informe de acuerdo con los Estándares GRI, EMCALI cumplió los nueve requerimientos establecidos en el GRI 1: Fundamentos 2021.",6,Pendiente,y,13,https://www.emcali.com.co/documents/guest/Transparencia%20y%20Acceso%20a%20la%20Informacion%20Publica/INFORME%20DE%20SOSTENIBILIDAD%202024,Distrito Especial de Santiago de Cali (100 %),por validar,"Sede principal Av. 2N entre calles 10 y 11, CAM, Cali. La lista de temas materiales está en figuras de la p. 13 (ambiental, social, gobernanza y espacial). El Pacto Mundial se cita como alineación de los temas, no como Comunicación de Progreso de este informe."
OMIA,OMIA Colombia S.A.S.,Ingeniería y servicios para petróleo y gas,Bogotá,2024,Informe de Sostenibilidad OMIA Colombia 2024,GRI 11 (directrices del estándar sectorial); Pacto Global,"Este informe de sostenibilidad de OMIA Colombia S.A.S. fue elaborado siguiendo las directrices del Global Reporting Initiative, estándar sectorial (GRI 11: Oil and Gas Sector 2021).",3,Pendiente,y,19,https://omia.com.co/wp-content/uploads/2025/08/Informe-de-Sostenibilidad-OMIA-2024-4.pdf,,por validar,"Sede principal Calle 99 # 7A-77, oficina 601, Bogotá. También operaciones en Perú. Los principios del Pacto Global se citan en el cuerpo del informe."
ISA Intercolombia,ISA INTERCOLOMBIA,Transmisión de energía,Medellín,2024,Reporte Integrado de Gestión 2024,GRI con referencia,"Nuestro Reporte Integrado de Gestión 2024 se ha elaborado en referencia a los estándares GRI, e incluye indicadores propios alineados con la materialidad de ISA INTERCOLOMBIA. Periodo 1 de enero a 31 de diciembre de 2024.",234,Pendiente,y,48,https://informesempresariales.isaintercolombia.com/2024/,ISA,por validar,"Dirección en el perfil del informe: Calle 12 sur No. 18-168, Medellín. La declaración de uso se repite en la tabla GRI (p. 235). TCFD aparece como marco de alineación climática, no como base declarada del reporte. El PDF se leyó desde el archivo enlazado por el micrositio (Reporte-integrado-ISA-2024.pdf)."
Jaramillo Mora,Jaramillo Mora Constructora,Construcción,Cali,2024,Informe de Sostenibilidad 2024 - Creando hábitats que transforman vidas,"GRI versión estándar, presentación esencial","Este reporte se preparó de acuerdo con los estándares del Global Reporting Initiative (GRI), versión estándar, presentación esencial. El informe abarca el 1 de enero al 31 de diciembre de 2024 y fue elaborado con base en los Estándares GRI.",5,Pendiente,y,12,https://www.jaramillomora.com/wp-content/uploads/2025/03/informe-sostenibilidad-2024-1.pdf,,por validar,Sede administrativa principal en Cali. Matriz de asuntos materiales y doble materialidad en la p. 12. También cita la Circular Externa 100-000010 de 2023 de Supersociedades.
Termotasajero,Colgener S.A.; Termotasajero S.A. E.S.P.; Termotasajero Dos S.A. E.S.P.,Energía,"San Cayetano, Norte de Santander",2024,Informe de Sostenibilidad 2024,GRI 2021 en conformidad; marco <IR>; Pacto Global,"Este informe ha sido elaborado en conformidad con la metodología <IR>, los Estándares GRI 2021, los diez principios del Pacto Global de las Naciones Unidas. La declaración de uso (p. 69) repite que no tiene verificación externa.",5,n. El informe dice: sin verificación externa.,y,16,https://termotasajero.com.co/wp-content/uploads/2025/05/Informe-de-Sostenibilidad-2024.pdf,,por validar,El reporte cubre también a la Fundación para el Desarrollo del Oriente Colombiano (FUDOC). La actualización de materialidad 2024 está en la p. 16; los nombres de los temas están en una figura.
GECELCA,GECELCA S.A. E.S.P.,Energía,Barranquilla,2024,Reporte Integrado de Gestión 2024,GRI con referencia; TCFD; recomendaciones CDP,GECELCA S.A. E.S.P. ha elaborado el informe usando como referencia los estándares GRI para el periodo comprendido entre el 1 de enero y el 31 de diciembre de 2024. GRI 1 usado: Fundamentos 2021.,133,"y, ICONTEC (verificación externa, portada).",y,12,https://s3.gecelca.com.co/shared/webgecelca/CONOCENOS/GESTION%20ESTRATEGICA/GE_250326_GECELCA%202024_04_04_25.pdf,,por validar,"También p. 5: elaborado bajo los estándares del Global Reporting Initiative. TCFD, CDP y GRI se citan como marcos de los avances climáticos (p. 95). Ciudad: Barranquilla, Atlántico."
Keralty,Keralty S.A.S.,Salud,Pendiente,2024,Informe de Sostenibilidad 2024 del Grupo Empresarial Keralty,GRI de conformidad; Pacto Global,"Este informe ha sido elaborado siguiendo los estándares de la Global Reporting Initiative (GRI) de conformidad, los diez Principios del Pacto Global y los Objetivos de Desarrollo Sostenible. Periodo 1 de enero a 31 de diciembre de 2024.",6,Pendiente,Pendiente,117,https://www.keralty.com/documents/d/guest/informe-sostenibilidad-grupo-keralty-2024,,por validar,"Grupo colombiano con operación también en Brasil, Estados Unidos, Filipinas, México, Perú, Puerto Rico, República Dominicana y Venezuela. El índice GRI (p. 117) remite a GRI 3-1 y 3-2; no se aisló el listado narrativo de temas. Por eso la materialidad queda Pendiente y la página 117 es solo la del índice."
Marval,Marval,Construcción e inmobiliario,Pendiente,2024,Reporte de Sostenibilidad 2024,GRI (desarrollado bajo el estándar),"Presentamos, por cuarto año consecutivo, el Reporte de Sostenibilidad de Marval desarrollado bajo el estándar Global Reporting Initiative (GRI). Cubre el 1 de enero al 31 de diciembre de 2024.",7,Pendiente,y,45,https://cdn.prod.website-files.com/679ced5547ec992e67c293f6/689226ad10a140732e10dd11_INFORME%20SOSTENIBLIDAD%202024%20-%202.0%20-%2016%20mayo_compressed%20(1).pdf,,por validar,"Análisis de materialidad GRI 3-1 y 3-2 en la p. 45. ICONTEC aparece por certificaciones (basura cero y sello verde), no como asegurador del informe. Plaza principal Bucaramanga; también Bogotá, Barranquilla, Cali y Cartagena. Bucaramanga es la plaza más citada; el texto no dice sede principal."
Grupo Oikos,Grupo Empresarial Oikos,Construcción e inmobiliario,Pendiente,2024,Informe de Gestión y Sostenibilidad 2024,GRI 2021 (materialidad conforme a GRI; la Junta afirma que el informe cumple los Estándares GRI),"La Junta Directiva aprueba el informe asegurando que cumpla con estándares internacionales de transparencia, tales como los Estándares GRI. El ejercicio de materialidad se hizo conforme a los Estándares GRI 2021, en el segundo semestre de 2024.",15,Pendiente,y,27,https://adminpaxzu-constructora.oikos.com.co/archivos/informe_de_gestion_y_sostenibilidad_2024.pdf,,por validar,"La frase de la Junta está en la p. 15 y la de materialidad en la p. 27. Presencia en Bogotá, Atlántico, Bolívar, Boyacá, Tolima y una sede en Quito. No es una declaración de conformidad GRI del informe completo. La presencia citada incluye Bogotá, Atlántico, Bolívar, Boyacá y Tolima; la sede principal no se aisló."
D1,Pendiente,Comercio (retail),Pendiente,2024,Informe de Sostenibilidad 2024,"GRI de conformidad, opción exhaustiva",Este informe se ha elaborado de conformidad con la opción exhaustiva de los Estándares GRI.,62,Pendiente,y,12,https://stockimages.tiendasd1.com/stockimages.tiendasd1.com/kobastockimages/DOC_LEGALES/INFORME%20DE%20SOSTENIBILIDAD%20D1%202024.pdf,"Pendiente (Valorem S.A.S. figura entre los accionistas, p. 18; el control no queda aislado)",por validar,Trece temas materiales en la p. 12. El índice GRI impreso ubica asuntos materiales y mapa de materialidad en la página 18. La razón social no aparece en el texto extraído.
EBSA,EBSA S.A. E.S.P.,Energía,Tunja,2024,Informe de Sostenibilidad EBSA 2024,GRI con referencia,La elaboración del informe se elaboró utilizando como referencia los Estándares GRI (Global Reporting Initiative). Periodo 1 de enero a 31 de diciembre de 2024.,informe,Pendiente,Pendiente,Pendiente,https://work.julibe.com/ebsa/2024/informe/,,por validar,"Informe HTML, no PDF. Décimo sexto reporte. Sede en el pie: Carrera 10 No. 15-87, Tunja, Boyacá. Hay asuntos materiales priorizados; no se aisló la lista, por eso materialidad queda Pendiente. La página del estándar es la sección Enfoque y metodología."
