company,legal_name,report_year,sort,standard_level,standard_quote,standard_page,materiality_verified,materiality_page,topic_1,topic_2,topic_3,data_1,data_2,data_3,parent_group,source_url,source_flag,outreach_or_drop_reason,notes
Afinia,Caribemar de la Costa S.A.S. E.S.P.,2025,READY,GRI con referencia (la frase dice de conformidad y fija el enfoque con referencia),"El informe ha sido elaborado de conformidad con los Estándares Global Reporting Initiative (GRI), bajo el enfoque con referencia.",2,y,39,Acceso y comprabilidad,Calidad y seguridad de los productos y servicios,Bienestar laboral,"Consumo total en 53 sedes: 7.125.854 kWh/año, p. 25","Compra de energía: 9.506 GWh, 2025, p. 10","Material vegetal aprovechado: 5.457 toneladas, p. 25",Grupo EPM,https://www.pactoglobal-colombia.org/biblioteca/publicaciones/informes-de-sostenibilidad-miembros-participantes/321_informe-de-sostenibilidad-2025-afinia-filial-del-grupo-epm/71ecae98230e512d697c19845a2c7e43.html,third-party host,,"Temas del Grupo EPM 2022-2025 adoptados en la tabla de la p. 39; el PDF parte los nombres en columnas. No apareció un PDF 2025 en afinia.com.co ni en epm.com.co. La compra de 9.506 GWh es energía adquirida para el mercado, no el inventario de sedes."
Hocol,Hocol S.A.,2024,READY,GRI como referencia,Tomando como referencia los parámetros de la metodología de la Global Reporting Initiative (GRI).,5,y,34,Desarrollo económico y social de los territorios,Cambio climático,Sostenibilidad económica y operacional,"Huella total 2024: 3.224.729,62 tCO2e, p. 43","Alcance 1: 295.165,81 tCO2e, p. 43","Alcance 2: 33.413,04 tCO2e, p. 43",Ecopetrol,https://www.hocol.com.co/index.php/file-download/download/public/17254,,,"La p. 34 dice que se mantienen como materiales esos tres asuntos y también Manejo del agua. Alcance 3 en la misma tabla: 2.896.150,77 tCO2e."
ACI Proyectos,ACI PROYECTOS S.A.S.,2025,READY,GRI con referencia,Este informe ha sido elaborado en referencia con los Estándares Global Reporting Initiative (GRI).,5,y,27,Ciberseguridad / IA,Lucha contra la corrupción y lavado de activos,Rentabilidad y crecimiento de la organización,"Total 2025 (bloque Colombia): 418 tCO2e, p. 49","Combustible: 369,38 tCO2e, 2025, p. 49","Energía: 13,58 tCO2e, 2025, p. 49",,https://aciproyectos.com/wp-content/uploads/2026/09/Informe-de-sostenibilidad-2025-ACI-PROYECTOS.pdf,,,"PDF en el dominio de la compañía (HTTP 200). Las páginas se tomaron del ejemplar de Pacto Global del mismo informe 2025; el PDF propio no se re-paginó. En la p. 49 Perú suma aparte 161,04 tCO2e. También Ética y transparencia y Gestión de riesgos."
SAG,Servicios Ambientales y Geográficos S.A.,2024,READY,GRI 2021 con referencia; SASB,"La información presentada ha sido preparada con referencia a los Estándares del Global Reporting Initiative (GRI) 2021, los estándares SASB y una serie de indicadores propios.",3,y,10,Sostenibilidad Económica,Gestión del Talento Humano,Gobierno Corporativo,"[302-1] Consumo total de energía: 646,3 kWh, p. 28","[303-5] Consumo de agua: 3,83 m3, p. 28","[305-5] Reducción de emisiones: 4,04 tCO2e, p. 28",,https://www.pactoglobal-colombia.org/biblioteca/publicaciones/informes-de-sostenibilidad-miembros-participantes/servicios-ambientales-y-geograficos-s-a-informe-de-sostenibilidad-2024.html,third-party host,,"sag-sa.com publica la estrategia y el CoP 2022, no este informe 2024. Las cifras de la p. 28 son las del informe 2024; los kWh y m3 son consumos de una operación de servicios, no de una planta industrial."
Indra Colombia,Indra Colombia,2024,READY,GRI (directrices de la versión estándar); no es de conformidad ni con referencia,El informe sigue las directrices del Global Reporting Initiative (GRI) en su versión estándar.,10,y,17,Innovación.,Captación y retención de talento.,Seguridad de la información y privacidad.,"Alcance 1: 95,87 tCO2e, p. 25","Alcance 2: 2.225,91 tCO2e, p. 25","Alcance 3: 3.593,00 tCO2e, p. 25",Indra (España),https://www.pactoglobal-colombia.org/biblioteca/publicaciones/informes-de-sostenibilidad-miembros-participantes/indra-colombia-informe-de-sostenibilidad-01-de-enero-2024-31-de-diciembre-2024.html,third-party host,,"Los tres temas son los de la doble materialidad de Indra Company, aplicados en el informe de Colombia. El informe de sostenibilidad 2024 de indracompany.com es el del grupo, no este informe de Colombia. Total en la misma página: 5.914,78 tCO2e."
Cerro Matoso,Cerro Matoso S.A.,2024,READY,GRI 2021 con referencia,El índice dice que ha reportado con referencia a los Estándares GRI para el periodo 1 de enero de 2022 a 31 de diciembre de 2024.,93,y,20,Salud y seguridad en el trabajo,Espacios de trabajo diversos e incluyentes,Fomentamos estilos de vida saludables,"Captación de agua 2024: 2.932,9 ML, p. 81","Residuos generados en el año: 3.364 toneladas, p. 85","Suministro de energía eléctrica en planta, fila 2024: 4.641.496,7 GJ, p. 92",South32,https://cerromatoso.com.co/wp-content/uploads/2025/07/REPORTE-DE-SOSTENIBILIDAD-2024-COMPLETO.pdf,,,"Los tres temas están bajo el eje 1. Protegemos y respetamos a nuestra gente (pp. 20-21). La fila energética de la p. 92 también trae 256.926,96 GJ autogenerados y 7.297.779 MBTU de gas; el gráfico mezcla rótulos NOx/MP. Uso de agua captada más recirculada: 53.880,0 ML en 2024."
Grupo AL,Grupo AL,2024,READY,GRI con referencia (el cuerpo dice de acuerdo con; el índice no se sube de nivel),utilizando como referencia los Estándares GRI,37,y,13,Calidad de vida y bienestar del empleado,Riesgos laborales,Formación y desarrollo continuo de los empleados,"Consumo total 2024: 330.992 kWh, p. 20","Generación total 2024: 136.650 kWh, p. 20","Excedentes 2024: 21.427 kWh, p. 20",,https://grupoal.com.co/wp-content/uploads/2025/04/INFORME-DE-SOSTENIBILIDAD-2024.pdf,,,Lista GRI 3-2 en la p. 13. El 42% del consumo total de energía en 2024 se atribuye en esa misma página al bloque de 330.992 kWh.
Oleoducto de Colombia,Oleoducto de Colombia S.A.,2024,READY,GRI en referencia,El informe se elaboró en referencia a los Estándares del Global Reporting Initiative (GRI).,2,y,40,"Gestión ambiental (biodiversidad, cambio climático, agua, residuos)",desarrollo territorial,talento humano,"Consumo de agua 2024: 14.201 m3, p. 45","Vertimiento: 8.960,47 m3, p. 46","6,7 MW de energía renovable incorporados en 2024, p. 3",Ecopetrol,https://www.oleoductodecolombia.com/wp-content/uploads/2025/04/NS_Informe_Integrado_2024_26_marzo_compressed-1.pdf,,,"La p. 40 dice que el análisis de materialidad es de 2022 (11 asuntos) y lista además seguridad y salud, gestión de abastecimiento, eficiencia operativa y derechos humanos. Cenit es la cabeza del segmento. La doble materialidad 2025 se anuncia como ejercicio futuro."
Grupo Coquecol,Grupo Coquecol,2024,READY,GRI opción de referencia,Elaborado con los estándares GRI en su opción de referencia.,7,y,22,Ética y transparencia,Cumplimiento legal y normativo,Anticorrupción,"Alcance 1, 2024: 170.491,33 tCO2e, p. 53","Alcance 2, 2024: 1.103,44 tCO2e, p. 53","Consumo de agua del grupo 2024: 227.916 m³, p. 49",,https://www.grupocoquecol.com/wp-content/uploads/2025/06/COQUECOL-2024-DIGITAL_co.pdf,,,"PDF en grupocoquecol.com (HTTP 200), enlazado desde la página de informes de la compañía. Las páginas se tomaron del ejemplar de Pacto Global; el PDF propio no se re-paginó. Total GEI 2024: 480.063,85 tCO2e. También se evitaron 885,8 tCO2e por energía de ISAGEN y ENEL."
Cenit,Cenit Transporte y Logística de Hidrocarburos S.A.S.,2024,READY,GRI con referencia,Cenit ha presentado la información citada en este índice de contenidos GRI para el periodo comprendido entre 1 de enero y 31 de diciembre de 2024 utilizando como referencia los Estándares GRI.,261,y,49,"Adaptación, resiliencia y transición climática",Biodiversidad,Comunidades locales,"Aprovechamiento de 9.900 m³ de agua lluvia, 2024, p. 37","Recirculación de 42.000 m³ de agua, 2024, p. 37","Reducción de 4.845 tCO2eq, 2024, p. 170",Ecopetrol,https://cenit-transporte.com/wp-content/uploads/2025/10/INFORME%20SOSTENIBILIDAD%20CENIT%202024.pdf,,,"Top 15 de materialidad final en la p. 49. La p. 37 también dice más de 70 toneladas de residuos orgánicos. La disminución de 9.829 tCO2eq de la p. 204 es del segmento, no solo de Cenit."
SierraCol Energy,SierraCol Energy,2024,READY,"Alineado con GRI, SASB, TCFD, TNFD e IPIECA (no es de conformidad)","Este informe está alineado con los estándares y marcos informativos relevantes para el sector de petróleo y gas: GRI, SASB, TCFD, TNFD e IPIECA.",4,y,10,"Cambio climático, emisiones y gestión de la energía",Capital humano,Comunidades y sociedad,"Intensidad de carbono alcances 1 y 2: 15 kg CO2e/boe, p. 14","42 ktCO2e, método basado en la ubicación, p. 16",2.653 ktCO2e en la serie de emisiones de la p. 16,,https://sierracolenergy.com/cms/uploads/Informe_de_Sostenibilidad_2024_Sierra_Col_Energy_46fc8bd3c8.pdf,,,"La p. 10 llama materiales a esos tres temas y también a Gobierno corporativo, cumplimiento, ética y transparencia. La serie de 2.653 ktCO2e está en columnas; no se le asigna un alcance que el texto no rotule. Aseguramiento PwC ya registrado en el CSV de las 50."
ETB,Empresa de Telecomunicaciones de Bogotá S.A. E.S.P.,2024,READY,GRI 2021 con referencia; Pacto Mundial; TCFD; SASB,"Este reporte fue elaborado utilizando como referencia los Estándares del Global Reporting Initiative (GRI) en su versión 2021, los 10 Principios del Pacto Mundial, TCFD y SASB.",3,y,25,Generar una relación de confianza y transparencia con los colaboradores.,Asegurar el cumplimiento de la promesa de valor.,Construir relaciones de mutuo beneficio.,"Consumo total de energía 2024: 43 millones de kWh (156.216 GJ), p. 31","15.364,5 toneladas de residuos, p. 32","Reducción de agua frente a 2023: 6.427 m³, p. 30",Distrito Capital de Bogotá (accionista mayoritario),https://etb.com/corporativo/UploadFile/Resultados/2025-04-01-15-55-32_REPORTE-INTEGRADO-2024.pdf,,,"La lista numerada de la p. 25 son los temas del periodo anterior usados en 2024. Siguen proveedores, políticas TIC, sostenibilidad de la empresa, comunicación del desempeño y alianzas."
Air-e,Air-e S.A.S. E.S.P.,2024,READY,"GRI con referencia (series 200, 300 y 400)",Este informe integrado de gestión fue realizado tomando como referencia los estándares de la Global Reporting Initiative (GRI) aplicables.,2,y,12,Desempeño Económico,Servicio y Atención al cliente,Disponibilidad y Confiabilidad del Servicio,"580,5 toneladas de residuos eléctricos gestionados, 2024, p. 18","578 toneladas de residuos peligrosos y no peligrosos reciclados, 2024, p. 18","Consumo de agua: 14.914,9 megalitros, 2024, p. 18",,https://www.air-e.com/assets/documents/sostenibilidad/informes/GRI2024.pdf,,,"El apartado 4.4 se titula ASUNTOS MATERIALES GRI 3-1, 3-2, 3-3. También Gestión Ambiental, Cambio Climático y Descarbonización. Los 14.914,9 megalitros se citan tal como están impresos para uso doméstico y lavado; la magnitud es la del documento."
Parex,Parex Resources,2024,READY,GRI con referencia,Este informe ha sido elaborado con referencia a los Estándares del Global Reporting Initiative (GRI).,3,y,12,Emisiones GEI y estrategia climática,Gestión del agua,Fortalecimiento comunitario,"74.930 tCO2e en 2024, p. 19","12.128 tCO2e, p. 19","3.782.840,58 tCO2e, p. 20",Parex Resources Inc. (Canadá),https://www.parexresources.com/wp-content/uploads/2025/09/2024-Parex-Sustainability-Report_SP_FINAL.pdf,,,"Temas materiales (áreas con foco ASG) en la p. 12; el informe 2024 se basa en la evaluación de 2022, revisada en diciembre de 2024. parexresources.com es el sitio de la compañía, no un host de terceros. La operación descrita es la de Colombia. El 3.782.840,58 tCO2e de la p. 20 no se rotula aquí como un alcance."
Pavimentos Colombia,Pavimentos Colombia,2024,READY,GRI 2021 con referencia,utilizando como referencia los Estándares GRI 2021,3,y,44,Economía circular y manejo de residuos,Cambio climático y carbono neutro,Gestión de la sostenibilidad,"5.192.932 MJ (solar), p. 55","63.664.084 MJ de consumo dentro de la organización, p. 55","Total de residuos generados 2024: 440.554 Tn, p. 65",,https://pavimentoscolombia.com/wp-content/uploads/2025/07/Pavimentos-Colombia_Informe-de-Sostenibilidad-2024.pdf,,,"La matriz de la p. 44 está en columnas cruzadas; los tres nombres son las cadenas legibles, no una numeración limpia. La p. 65 rotula Tipo de Residuos (Tn): no peligroso 440.513 y peligroso 42. Un 1.611.802 m3 de la p. 55 está junto a combustible ACPM y no se usa como agua."
Aguas Regionales EPM,Aguas Regionales EPM S.A. E.S.P.,2024,READY,GRI (aspectos básicos); no es de conformidad,incorpora aspectos básicos de la metodología Estándar del Global Reporting Initiative - GRI,3,y,12,Acceso y comprabilidad,Calidad y seguridad de los productos y servicios,Bienestar laboral y adaptabilidad,"Alcance 1 Aguas Regionales: 8.607,31 t CO2e, p. 86","Alcance 2: 1.138,62 t CO2e; total 9.745,93 t CO2e, p. 86","Consumos acumulados 2024: 15.045.903 m3, p. 59",Grupo EPM,https://www.grupo-epm.com/content/dam/Grupo-Epm/aguas-regionales/institucional/informes-de-sostenibilidad/informe-de-sostenibilidad-2024.pdf,parent-domain,,"Los once temas son los del Grupo EPM 2022-2025, nombrados en el informe de la filial. Vertimientos 2024: 11.638.346 m3, p. 60. grupo-epm.com es el dominio de la matriz, no Pacto Global."
Llanogas,Llanogas S.A. E.S.P. BIC,2024,READY,Elaborado de acuerdo a GRI 2021 (no es la fórmula de conformidad),"Ha sido elaborado de acuerdo a Global Reporting Initiative (GRI) 2021, aplicando el estándar sectorial de Oil & Gas.",7,y,27,Residuos,Agua y efluentes,Integridad de los activos y gestión de incidentes críticos,"5.438,811 toneladas de CO2 equivalente (combustibles, refrigerantes y fugas de red), p. 73","712.377,4 kWh exportados, p. 61","19.033,5 kWh, p. 11",,https://ftp.llanogas.com/imagenes/responsabilidad/llanogas-informe-sostenibilidad-2024.pdf,,,La lista GRI 3-1 y 3-2 de la p. 27 sigue con salud y seguridad en el trabajo y prácticas de empleo. Los m³ de gas de la p. 10 son ventas de producto y no se usan como dato ESG.
EMCALI,Empresas Municipales de Cali E.I.C.E. E.S.P.,2024,READY,De acuerdo con los Estándares GRI 2021 (no se sube a de conformidad),El Informe de Sostenibilidad 2024 de EMCALI E.I.C.E. E.S.P. se ha elaborado de acuerdo con los Estándares GRI (Global Reporting Initiative) en su versión 2021.,6,y,13,Gestión integral del recurso hídrico,Transición energética justa y eficiencia energética,Gestión integral de los residuos,"862.345 kWh en sedes y subestaciones, p. 55","2.894 GWh comercializados, p. 55","276,6 millones de m³ captados, p. 56",Distrito Especial de Santiago de Cali (100%),https://www.emcali.com.co/documents/guest/Transparencia%20y%20Acceso%20a%20la%20Informacion%20Publica/INFORME%20DE%20SOSTENIBILIDAD%202024,,,"Los tres temas salen del OCR de la figura de materialidad (dimensión ambiental). También son legibles el acceso a los servicios públicos domiciliarios y la adopción de prácticas de gobierno corporativo. Los GWh comercializados son ventas, no consumo propio. No entra a la vitrina: la frase no es de conformidad."
OMIA,OMIA Colombia S.A.S.,2024,READY,Directrices GRI 11 (no es de conformidad ni con referencia),"Este informe de sostenibilidad de OMIA Colombia S.A.S. fue elaborado siguiendo las directrices del Global Reporting Initiative, estándar sectorial (GRI 11: Oil and Gas Sector 2021).",3,y,19,Desempeño económico (GRI 201),Presencia en el mercado y contratación local (GRI 202),Impactos económicos indirectos (GRI 203),"Alcance 1, 2024: 2.785,79 toneladas de CO2, p. 46","Alcance 2, 2024: 687,9 tCO2e, p. 46","Consumo de agua 2024: 761 m3/año, p. 48",,https://omia.com.co/wp-content/uploads/2025/08/Informe-de-Sostenibilidad-OMIA-2024-4.pdf,,,La tabla de la p. 19 se titula Nuestros temas materiales 2024. El índice (p. 77) marca Sí en Empleo y en Salud y seguridad en el trabajo. Los 81 kWh/año de la p. 45 no se usan: la cifra es demasiado pequeña para un total de operación.
ISA Intercolombia,ISA INTERCOLOMBIA,2024,READY,GRI con referencia,Nuestro Reporte Integrado de Gestión 2024 se ha elaborado en referencia a los estándares GRI.,234,y,48,"Impulsor de soluciones para facilitar la transición energética, mitigar y adaptarse al cambio climático",Seguridad y salud en el trabajo para empleados directos e indirectos,Capacidad para cumplir sus objetivos financieros y de negocio aprovechando las oportunidades y garantizando la vigencia corporativa,"Alcance 1: 1.783,62 tCO2e, p. 159","Alcance 2: 1.772,23 tCO2e, p. 159","Alcance 3: 210.875,73 tCO2e, p. 159",ISA,https://informesempresariales.isaintercolombia.com/2024/,,,"Matriz GRI 3-2 en la p. 48, con puntajes 8,39, 8,27 y 8,11 para esos tres temas. El micrositio es de la compañía. Los MWh de la p. 122 son energía no suministrada, no consumo."
GECELCA,GECELCA S.A. E.S.P.,2024,READY,GRI con referencia,GECELCA S.A. E.S.P. ha elaborado el informe usando como referencia los estándares GRI para el periodo comprendido entre el 1 de enero y el 31 de diciembre de 2024.,133,y,13,Desempeño económico,Cambio climático,Crecimiento y diversificación del negocio,"Alcance 1, 2024, GECELCA S.A. E.S.P.: 1.993.344,21 ton CO2e/año, p. 96","Alcance 2, 2024, GECELCA S.A. E.S.P.: 5.622 ton CO2e/año, p. 96","Residuos generados 2024: 147.330,81 toneladas, p. 90",,https://s3.gecelca.com.co/shared/webgecelca/CONOCENOS/GESTION%20ESTRATEGICA/GE_250326_GECELCA%202024_04_04_25.pdf,,,"GECELCA 3 S.A.S. E.S.P. en la misma tabla 2024: alcance 1 de 3.060.511,42 ton CO2e/año y alcance 2 de 4.912. El gráfico suma 5.053.855,62 tCO2e de alcance 1 en 2024. Vertido sin tratamiento 2024: 229.122,8 megalitros, p. 87."
Marval,Marval,2024,READY,Desarrollado bajo el estándar GRI (no es de conformidad),"Presentamos, por cuarto año consecutivo, el Reporte de Sostenibilidad de Marval desarrollado bajo el estándar Global Reporting Initiative (GRI).",7,y,45,Liderazgo consciente,Gobierno corporativo,Ética y transparencia,"6.884.273 kWh totales de energía, p. 40","121.272 kWh de energía renovable, p. 40","608.964 m3 totales de agua consumidos, p. 40",,https://marval.com.co/reportes-anuales-de-sostenibilidad,,,La página es de marval.com.co y enlaza el PDF 2024 en object storage de Oracle (no en el dominio marval.com.co): https://objectstorage.us-phoenix-1.oraclecloud.com/n/axgdj8ofhsek/b/BUCKETWEBSITE-PROD/o/sostenibilidad%2F2024.pdf. La lista de la p. 45 tiene 20 temas. Las cifras de la p. 40 son las del reporte 2024 leído; el PDF de Oracle no se re-paginó.
Mansarovar Energy,Mansarovar Energy Colombia Ltd.,2024,READY,GRI 2021 con referencia,Este informe ha sido elaborado con referencia a los lineamientos de los estándares del Global Reporting Initiative (GRI) 2021.,3,y,14,Desempeño económico.,Ética y transparencia.,Cumplimiento normativo.,"26.737 Ton CO2 eq, p. 30","409 Ton CO2 eq, p. 30","92.426,57 m³, p. 26",ONGC Videsh (India) y Sinopec (China),https://mansarovar.com.co/wp-content/uploads/2025/09/Informe-de-sostenibilidad-Mansarovar-2024-reducido_compressed.pdf,,,"Quince asuntos numerados en la p. 14. Las dos cifras de CO2 están en la sección de emisiones del informe 2024; el texto no se usa aquí para asignarles alcance. Residuos en la p. 23: 27.026 kg. Sin verificación externa, como ya dice el CSV de las 50."
Ecofértil,Ecofértil S.A.,2024,READY,GRI 2021 con referencia,Este reporte ha sido elaborado de referencia a los Estándares del Global Reporting Initiative (GRI) en su actualización 2021.,5,y,23,Desempeño económico,Experiencia al cliente,Compras y abastecimiento,"Agua de terceros / consumo total 2024: 793 m³, p. 58","Consumo de energía 2024: 572.509,64 KW/h, p. 59","Electricidad generada 2024: 7.277,5 KW/h, p. 59",Grupo Monómeros,https://www.monomeros.com.co/wp-content/uploads/informe-de-sostenibilidad-ecofertil-2024-web_.pdf,parent-domain,,"La p. 23 dice que los temas son los de la casa matriz. La unidad de energía está escrita KW/h en el informe. 2023: agua 950 m³ y energía 675.886,00 KW/h."
Grupo Colpatria,Mercantil Colpatria S.A.,2024,NEEDS OUTREACH,GRI 2021 con referencia; Comunicación de Progreso,"Ha sido elaborado de referencia del estándar Global Reporting Initiative (GRI), en su versión 2021.",3,y,41,Salud y bienestar,Respeto y protección de los derechos humanos,"Atracción, desarrollo y retención del capital humano","Ruta del Cacao, alcance 1, 2024: 667,71 tCO2eq, p. 113","Ruta del Cacao, alcance 2, 2024: 203,4 tCO2eq, p. 113","TEBSA, agua captada 2024: 68.754 m3/h, p. 107",,https://grupocolpatria.com/wp-content/uploads/2026/09/Colpatria_Informe_GestionSostenibilidad_2024.pdf,,"Pedir el inventario 2024 del holding (o el consolidado del grupo) de alcance 1, alcance 2 y agua o residuos, rotulado como Grupo Colpatria. El informe trae la lista de temas, pero el inventario GEI completo es de la Concesionaria Ruta del Cacao y el agua es de TEBSA.","PDF propio en grupocolpatria.com (HTTP 200). Las páginas se tomaron del ejemplar de Pacto Global. La p. 40 también lista neutralidad climática y transición energética, manejo de conflictos de interés y desempeño económico financiero. La p. 40 escribe derecho humanos, sin la s."
Reficar,Refinería de Cartagena S.A.S.,2024,NEEDS OUTREACH,GRI 2021 como referencia,"Adoptamos los estándares de la Global Reporting Initiative 2021 (GRI), como referencia para la elaboración y presentación anual del Informe de Gestión y Sostenibilidad 2024.",6,n,,,,,"Reducción: 23.150 tonCO2e, p. 134","Disminución real acumulada: 23.150 tonCO2e/año, p. 138",,Ecopetrol,https://www.refineriadecartagena.com.co/Informe%20de%20Gesti%C3%B3n%20y%20Sostenibilidad%202024.pdf,,"Pedir los nombres de los temas materiales adoptados del Grupo Ecopetrol (la p. 54 dice que desde 2024 la materialidad se alinea con la del GE y no lista los nombres) y los totales 2024 de alcance 1, alcance 2 y agua o residuos.","23.150 tonCO2e es una reducción, no un inventario. No alcanza para un perfil con tres series."
MTS,MTS,2024,NEEDS OUTREACH,GRI versión estándar (no es de conformidad ni con referencia),El presente informe anual de sostenibilidad ha sido desarrollado con base en los estándares del Global Reporting Initiative (GRI) versión estándar.,4,y,64,Presencia y confiabilidad en el mercado,Desempeño económico,Eficiencias en uso de recursos naturales (agua y energía) - Transformación tecnológica - Automatización de edificaciones,"51.661.302,7 kWh para el 44% de los activos, p. 70",,,,https://mts.com.co/wp-content/uploads/2026/01/Informe-de-sostenibilidad-2024_compressed.pdf,,"Pedir el agua en m3, los residuos en toneladas y el inventario GEI de 2024, y confirmar que los 51.661.302,7 kWh son el año calendario 2024. Las líneas de m3 del capítulo de agua son tarifas o áreas, no un consumo total.",La lista de la p. 64 existe. Con un solo consumo no sale un perfil de tres datos.
Navitrans,Navitrans,2024,NEEDS OUTREACH,GRI opción esencial,"El informe se ajusta a los estándares del Global Reporting Initiative (GRI), bajo la opción Esencial.",15,n,,,,,"Consumo de energía de sedes 2024: 784 GJ, p. 33","Consumo de agua 2024: 17,2 ML, p. 36","Emisiones de CO2 evitadas por paneles solares: 345,2 tCO2, p. 38",,https://www.navitrans.com.co/wp-content/uploads/2026/02/Informe-GRI-2024-Navitrans.pdf,,"Pedir la lista de temas materiales (GRI 3-2), con los nombres. Los tres datos ambientales ya están en el informe. Los 345,2 tCO2 son emisiones evitadas, no el inventario.",Opción esencial no basta para READY sin la lista. No se halló la palabra materialidad como lista de temas.
AED Constructores,AED Constructores,2024,NEEDS OUTREACH,GRI con referencia; SASB; GRESB,"Para su reporte de indicadores ASG, AED Constructores utiliza como referencia los Estándares GRI.",24,n,,,,,,,,,https://www.aed.com.co/wp-content/uploads/2026/02/Reporte-AED-Sostenibilidad-2024.pdf,,"Pedir la lista de temas materiales y los números de las tablas de energía, residuos y GEI (capítulos 5.1.5 y 5.1.6; el texto extraído no trae la serie porque las tablas son imagen).","Informe real, 67 páginas, dominio propio. El texto declara el periodo 1 de enero a 31 de diciembre de 2024 y el uso de GRI como referencia (p. 65)."
GreenQuo,GreenQuo S.A.S. BIC,2024,NEEDS OUTREACH,GRI con referencia,Utilizando como referencia la metodología internacional GRI.,5,n,,,,,"2,7 ton CO2-eq de alcances 1, 2 y 3 juntos, 2024, p. 16","66 kilogramos de residuos plásticos, p. 15",,,https://greenquo.co/wp-content/uploads/Informe-de-Sostenibilidad-2024.pdf,,"Pedir la lista de temas materiales y el desglose 2024 de alcance 1, alcance 2, energía y agua. El 2,7 ton CO2-eq no está separado por alcance.",Informe de unas 24 páginas. No se encontró la palabra materialidad como lista.
ESI Consulting,ESI Consulting S.A.S. BIC,2024,NEEDS OUTREACH,GRI con referencia,utilizando como referencia los Estándares GRI,2,n,,,,,"Promedio de agua por trabajador 2024: 0,052 m3, p. 19","Mismo indicador 2023: 0,017 m3, p. 19",,,https://cmconsultores.com.co/wp-content/uploads/Informe-BIC-ESI-Consulting-2024-1.pdf,third-party host,"Pedir un PDF en el dominio de ESI, la lista de temas materiales y los absolutos 2024 de energía, residuos y GEI. esiconsulting.com no publica este informe. El único dato es un promedio por trabajador, no un total.","El informe existe y cubre enero-diciembre 2024. No se baja a DROP porque el documento es un reporte GRI con referencia, no una página vacía."
Keralty,Keralty S.A.S.,2024,NEEDS OUTREACH,"GRI de conformidad, en las palabras del informe","Este informe ha sido elaborado siguiendo los estándares de la Global Reporting Initiative (GRI) de conformidad, los diez Principios del Pacto Global y los Objetivos de Desarrollo Sostenible.",6,n,117,,,,"Agua: 23.004 m3 y 21.314 m3, p. 63","Aumento de energía: 34.705 kWh, p. 62","Aumento de energía: 111.173 kWh, p. 63",,https://www.keralty.com/documents/d/guest/informe-sostenibilidad-grupo-keralty-2024,,"Pedir los nombres de los temas materiales a los que el índice GRI 3-2 (p. 117) remite en Nuestra estrategia de sostenibilidad. Los nombres no están en el texto. Los m3 y kWh sí están, por sede; hace falta saber qué sede y qué año es cada serie.",Grupo colombiano con operación en varios países. No se cambia el nivel: la frase del informe es GRI de conformidad. No entra a la vitrina de las 15.
EBSA,EBSA S.A. E.S.P.,2024,NEEDS OUTREACH,GRI con referencia,La elaboración del informe se elaboró utilizando como referencia los Estándares GRI (Global Reporting Initiative).,sección Enfoque y metodología,n,,,,,"Demanda regulada y no regulada: 997,8 GWh/año","Factor Helios: 0,493 toneladas de CO2 por cada MWh",Capacidad Helios: 16 MWp,"Northland Power Inc. (Canadá), casa matriz",https://work.julibe.com/ebsa/2024/informe/,third-party host,"Pedir los nombres de los asuntos materiales priorizados, el inventario 2024 de alcance 1 y 2, agua y residuos, y publicar el informe en ebsa.com.co. El HTML dice que los asuntos se priorizaron con la matriz y no lista tres nombres. 997,8 GWh/año es demanda, no consumo propio. No hay m3 ni toneladas de residuos.",Sigue sin página 2024 en ebsa.com.co (solo micrositios 2021 y 2022). No se reemplaza la URL.
Totto,Nalsani S.A.S.,2025,NEEDS OUTREACH,GRI de conformidad,Este informe fue elaborado de conformidad con los Estándares GRI.,sección Saludo,n,,,,,,,,,https://catalog.totto.com/InformeSostenibilidad2025,,"Pedir la lista de temas materiales y las cifras 2025 de GEI, energía y residuos. El HTML dice que el informe es de NALSANI S.A.S. Colombia en 2025 y menciona temas materiales, pero la capa de texto no trae la lista ni tCO2, kWh, m3 o toneladas. Esas cifras parecen estar en imágenes.","catalog.totto.com es el catálogo de la compañía, no un host de terceros. La sede no se fija en el informe 2025."
Grupo Oikos,Grupo Empresarial Oikos,2024,DROP,La Junta cita los Estándares GRI; no es una declaración de conformidad del informe,"La Junta Directiva aprueba el informe asegurando que cumpla con estándares internacionales de transparencia, tales como los Estándares GRI.",15,n,27,,,,"Reducción de 18% del consumo de agua en obras, 2024, p. 29, sin cantidad base","Reducción de 25% de la huella de carbono de procesos constructivos de Oikos Storage, p. 29, sin tCO2e",,,https://adminpaxzu-constructora.oikos.com.co/archivos/informe_de_gestion_y_sostenibilidad_2024.pdf,,"No hay serie ESG absoluta utilizable. El índice dice que falta el valor absoluto en kWh (GRI 302-1), que falta el inventario y la cifra de CO2e (GRI 305-1) y que la captación de agua no se reportó (GRI 303-3). La p. 27 anuncia la lista de temas y el texto siguiente no trae los nombres.","La fuente sí abre. El índice marca GRI 3-2 como temas materiales identificados en las pp. 24-31, pero esas páginas no contienen los nombres. Por eso no queda en outreach: el propio índice declara que los absolutos no están."
