Name,Firm,Domain,Monday_item_id,Status,Email,Evidence_URL,Checked_URLs,Notes
Alejandro Carboni Llanet,Impacta VC,impacta.vc,13151866925,EMPTY,,,https://www.impacta.vc/news/impacta-vc-el-fondo-que-apuesta-por-startups-que-cambian-el-mundo|https://www.impacta.vc/en/we-what|https://www.impacta.vc/blog-categories/nosotros|https://www.impacta.vc/en/why-how,Press/interview pages quote Carboni; site footer only hello@impacta.vc / admin@impacta.vc (generic).
Astrid Fockens Lassagne,IMPACT Partners,impact-partners.com,13151855192,EMPTY,,,https://www.impact-partners.com/our-team|https://www.impact-partners.eu/about|https://www.privatedebtinvestor.com/institution-profiles/impact-partners.html|https://www.impact-partners.com/,Team/governance pages list Fockens; no @impact-partners.com mailbox on same page as her name.
Olivia Hornby (Shamash),Spring Impact Capital,springimpactcapital.com,13151880589,EMPTY,,,https://springimpactcapital.com/impact-capital/team/|https://www.businesswire.com/news/home/20231129094489/en/Spring-Impact-Capital-Launches-%2420-Million-Impact-Fund|https://betakit.com/spring-impact-capital-closes-14-million-fund-to-grow-canadas-climate-and-healthtech-ecosystem/|https://springimpactcapital.com/impact-capital/portfolio/,Press names Hornby; no person@springimpactcapital.com on same page (invest@spring.is is different domain).
Amal-Lee Amin,British International Investment,bii.co.uk,13151897907,FOUND,aamin@bii.co.uk,https://financeincommon.org/sites/default/files/2025-10/14102025%20-%20Contacts%20thematic%20coalitions%20external.pdf,https://financeincommon.org/sites/default/files/2025-10/14102025%20-%20Contacts%20thematic%20coalitions%20external.pdf|https://www.bii.co.uk/en/about/our-people/teams/impact-teams/|https://www.oecd-events.org/e/oecd-forum-on-green-finance-and-investment-2024/speaker/63f5199d-0e5f-ef11-991a-6045bd954cb8/amal-lee-amin|https://assets.bii.co.uk/wp-content/uploads/2022/10/18093953/EmergingEconomiesClimateReport-2022-1.pdf,FiC thematic coalition contacts PDF: Climate Adaptation row lists Amal-Lee AMIN (aamin@bii.co.uk).
David Alvo V.,Impacta VC,impacta.vc,13151880150,FOUND,da@impacta.vc,https://www.startuplinks.world/instituciones-de-inversion/impacta-vc,https://www.startuplinks.world/instituciones-de-inversion/impacta-vc|https://www.impacta.vc/news/entrevista-a-david-alvo-en-tvn-sobre-etmday-2025---ideas-en-accion|https://www.impacta.vc/news/entrevista-a-david-alvo-en-ceo-com|https://www.privateequityinternational.com/institution-profiles/impacta-vc.html,Startuplinks institution profile Contacto block: David Alvo + da@impacta.vc on same page.
Robert Ethier,Impact Science Ventures,impactscience.vc,13151880573,EMPTY,,,https://impactscience.vc/|https://impactscience.vc/about|https://informaconnect.com/superreturn-north-america/speakers/robert-ethier/|https://www.findfunding.vc/impact-science-ventures,Speaker bios name Ethier; firm site uses info@impactscience.vc only (generic).
Talal AL-DUAIJ,Baraka Impact Finance LLC,barakaimpact.com,13151879845,EMPTY,,,https://www.barakaimpact.com/|https://finance.barakaimpact.com/aboutus?tid=ZmngI5|https://www.linkedin.com/company/baraka-impact-finance,Team page names Talal; communications@barakaimpact.com appears without Talal on same artifact (generic).
Alejandra Camara,GENESIS Climate Change and Sustainable Solutions,genesisarg.com,13151849138,EMPTY,,,https://www.genesisarg.com/en/nosotros/quienes-somos/|https://newenergyevents.com/esg-latam/speakers/alejandra-camara/|https://www.genesisarg.com/en/contacto/|https://www.genesisarg.com/info/,Speaker/event bios name Camara; genesisarg.com publishes info@genesisarg.com only (generic).
Anthony Bohm,Pangaea Impact Investments,pangaeaimpact.com,13151881194,FOUND,anthonybohm@pangaeaimpact.com,https://www.pangaeaimpact.com/single-post/2016/12/06/pangaea-impact-invests-in-maths-pathway,https://www.pangaeaimpact.com/single-post/2016/12/06/pangaea-impact-invests-in-maths-pathway|https://www.pangaeaimpact.com/single-post/2016/09/07/pangaea-invests-in-pollinate-energy-media-release|https://impactinvestmentsummitasiap2016a.sched.com/speaker/anthony_bohm.1vlpwplq|https://www.pangaeaimpact.com/contact,Press release media contact: Anthony Bohm + anthonybohm@pangaeaimpact.com on same page.
Theany Bazet,Global Social Impact Investments,globalsocialimpact.es,13151880574,EMPTY,,,https://globalsocialimpact.es/the-team/|https://www.globalsocialimpact.es/contact/|https://globalsocialimpact.es/transparency-and-compliance/|https://staging.globalsocialimpact.es/wp-content/uploads/2024/10/MEMORIA_2023_digital.pdf,Team page lists Bazet; contact/compliance pages show info@globalsocialimpact.es and role inboxes only (generic).
Shabda Gyawali,Dolma Impact Fund,dolmaimpact.com,13151887936,EMPTY,,,https://dolmaimpact.com/shabda-gyawali-09-brings-nepali-perspective-on-equity-funds-to-csu/|https://dolmaadvisors.com/our-team/|https://dolmaimpact.com/|https://dolmaimpact.com/updates/,CSU speaker article names Gyawali; footer contact@dolmaimpact.com is firm generic.
Thomas DELALANDE,IMPACT Partners,impact-partners.com,13151867182,EMPTY,,,https://www.impact-partners.com/our-team|https://www.impact-partners.eu/about|https://www.velogik.com/en/share-capital-velogik-rides-with-impact-partners-and-serfim/|https://www.impact-partners.com/it/,Team/press pages name Delalande; no @impact-partners.com email on same artifact.
"Hummayun Javed, CFA",ImpactAssets Capital Partners,impactassetscapital.com,13151865851,EMPTY,,,https://www.impactassetscapital.com/|https://impactassets.org/creating-impact-with-every-dollar/|https://www.linkedin.com/in/hummayun,No press/speaker page with both name and @impactassetscapital.com; site shows press@impactassetscapital.org only.
Jonathan Abeywickrema,Impact Investment Exchange (IIX),iixglobal.com,13151880605,EMPTY,,,https://iixglobal.com/our-leadership/|https://iixglobal.com/marketing-resources/|https://iixglobal.com/the-power-of-resilience-be-ready-to-be-told-no-and-keep-going-by-jonathan-abeywickrema/|https://www.undp.org/indonesia/press-releases/undp-and-iix-brings-together-investors-and-entrepreneurs-strengthen-indonesias-impact-investment-ecosystem,Leadership/press name Abeywickrema; pages show marketing@ / info@iixglobal.com (generic). LinkedIn-primary jonathan@liin.lk excluded.
Adriaan Korthuis,Climate Focus,climatefocus.com,13151897913,FOUND,a.korthuis@climatefocus.com,https://www.slideserve.com/rianne/additionality-powerpoint-ppt-presentation,https://climatefocus.com/team/adriaan-korthuis/|https://climatefocus.com/contact-us/|https://www.slideserve.com/rianne/additionality-powerpoint-ppt-presentation|https://worldcocoafoundation.org/partnership-meeting/securing-cocoa-s-future-in-a-changing-world/speakers/adriaan-korthuis-1,CDM workshop slide deck contact slide: Adriaan Korthuis + a.korthuis@climatefocus.com (same page).
David Lacklen,Climate Capital,climatecapital.co,13151866633,EMPTY,,,https://www.climatecapital.co/team|https://www.climatecapital.co/about|https://www.climatecapital.co/bio|https://www.linkedin.com/in/davidlacklen,Team/bio pages name Lacklen; no person@climatecapital.co on same page (x@climatecap.co is different domain).
Alina Klarner,Impact Shakers,impactshakers.com,13151879947,EMPTY,,,https://www.impactshakers.com/team|https://medium.com/impact-shakers/impact-shakers-launches-its-venture-fund-of-20-million-at-the-intersection-of-diversity-impact-47d605f68e4f|https://podim.org/podim_speaker/alina-klarner/|https://www.seedcue.com/post/the-first-thing-we-ask-founders-about-is-their-personal-journey-and-motivation-alina-klarner-impact-shakers,Interviews/speaker pages name Klarner; firm contact hello@impactshakers.com / partners@ (generic).
Sagar T.,Beyond Impact VC,beyondimpact.vc,13151880044,EMPTY,,,https://beyondimpact.vc/about|https://beyondimpact.vc/media|https://beyondimpact.vc/insights,Partner Sagar Tandon named with invest@beyondimpact.vc (team inbox not person@).
Sebastian Waldburg,Oryx Impact,oryximpact.com,13151881369,UNCERTAIN,,,https://oryximpact.com/|https://oryximpact.com/oryx-impact-partners-share-insights-at-the-africa-sovereign-investors-forum-in-mauritius/|https://acceleratingimpact.org/request-for-proposal-rfp-oryx-impact-sl-hr-search-services-for-oryx-impact-sl/|https://acceleratingimpact.org/request-for-proposal-rfp-oryx-impact-sl-legal-advisory-services-for-the-establishment-and-launch-of-the-oryx-impact-fund/,RFP pages list sebastian@oryximpact.com without Sebastian Waldburg on same page; about page pairs name with info@oryximpact.com only.
Dimple Sahni,Anthos Fund & Asset Management B.V.,anthosam.com,13151881311,EMPTY,,,https://www.anthosam.com/news/investing-for-systems-change/91|https://www.anthosam.com/strategies-and-solutions/impact|https://www.anthosam.com/news/from-the-field-deep-transitions-research-reveals-the-future/89,Author/byline pages name Sahni; footer anthosam@anthos.net (not @anthosam.com person mailbox).
Eran Sandhaus,J-Impact Fund,j-impact.fund,13151854618,FOUND,eran@j-impact.fund,https://www.zoe.garden/participant/eran-sandhaus,https://j-impact.fund/|https://www.zoe.garden/participant/eran-sandhaus|https://web.archive.org/web/20240524045725/https://www.zoe.garden/participant/eran-sandhaus|https://paloaltojcc.org/team-member-sandhaus/,Zoe Garden event participant bio: Eran Sandhaus + mailto eran@j-impact.fund on same page (Wayback confirms).
Erik Wallsten,Deetken Impact,deetkenimpact.com,13151881370,EMPTY,,,https://deetkenimpact.com/about/|https://deetkenimpact.com/blog/meet-the-team-erik-wallsten/|https://deetkenimpact.com/blog/deetken-impact-and-adobe-capital-partner-to-expand-flexible-financing-to-impact-driven-businesses-in-latin-america/,Bio/blog pages name Wallsten; footer impact@deetkenimpact.com only (generic).
Mido Talhouni,Climate KIC,climate-kic.org,13151873882,EMPTY,,,https://www.climate-kic.org/events/innovation-and-investment-in-the-energy-transition/|https://www.climate-kic.org/events/community-week-x-slovenia-deep-demonstration/|https://climate-hive.org/wp-content/uploads/2025/11/M8.-CKIC-ESOs.pdf,Speaker/event mentions found; CKIC PDF pairs Mido Talhouni with Investments@climate-kic.org (department inbox).
Annie Theriault,Cross-Border Impact Ventures,crossborder.ventures,13151881371,FOUND,annie@crossborder.ventures,https://simafunds.com/directory/annie-thierlaut/,https://www.crossborder.ventures/team/|https://www.crossborder.ventures/meet-annie-theriault-managing-partner-at-cross-border-impact-ventures/|https://simafunds.com/directory/annie-thierlaut/|https://milkeninstitute.org/events/global-conference-2026/speakers/annie-theriault,SIMA investor directory: Cross-Border Impact Ventures + annie@crossborder.ventures; page title publishes spelling Annie Thierlaut (variant).
