Monday_item_id,Contact_name,Firm,domain,Status,Email,Evidence_URL,Checked_URLs,Notes
13151866925,Alejandro Carboni Llanet,Impacta VC,impacta.vc,EMPTY,,,https://www.impacta.vc/news/impacta-vc-el-fondo-que-apuesta-por-startups-que-cambian-el-mundo|https://www.impacta.vc/en/we-what|https://www.impacta.vc/blog-categories/nosotros|https://www.impacta.vc/en/why-how,Impacta press/interview pages quote Carboni but footer is hello@impacta.vc/admin@ only (generic).
13151855192,Astrid Fockens Lassagne,IMPACT Partners,impact-partners.com,EMPTY,,,https://www.impact-partners.com/our-team|https://www.impact-partners.eu/about|https://www.privatedebtinvestor.com/institution-profiles/impact-partners.html|https://www.impact-partners.com/,Team/speaker-style pages list Astrid Fockens; no @impact-partners.com mailbox on same page as her name.
13151880589,Olivia Hornby (Shamash),Spring Impact Capital,springimpactcapital.com,EMPTY,,,https://springimpactcapital.com/impact-capital/team/|https://www.businesswire.com/news/home/20231129094489/en/Spring-Impact-Capital-Launches-%2420-Million-Impact-Fund|https://betakit.com/spring-impact-capital-closes-14-million-fund-to-grow-canadas-climate-and-healthtech-ecosystem/|https://springimpactcapital.com/impact-capital/portfolio/,Press/interviews name Hornby; site shows invest@spring.is (wrong domain) and no @springimpactcapital.com person mailbox with her name.
13151897907,Amal-Lee Amin,British International Investment,bii.co.uk,FOUND,aamin@bii.co.uk,https://financeincommon.org/sites/default/files/2025-10/14102025%20-%20Contacts%20thematic%20coalitions%20external.pdf,https://financeincommon.org/sites/default/files/2025-10/14102025%20-%20Contacts%20thematic%20coalitions%20external.pdf|https://www.bii.co.uk/en/about/our-people/teams/impact-teams/|https://www.oecd-events.org/e/oecd-forum-on-green-finance-and-investment-2024/speaker/63f5199d-0e5f-ef11-991a-6045bd954cb8/amal-lee-amin|https://assets.bii.co.uk/wp-content/uploads/2022/10/18093953/EmergingEconomiesClimateReport-2022-1.pdf,FiC coalition contacts PDF: "Amal-Lee AMIN (aamin@bii.co.uk)" on same page/row.
13151880150,David Alvo V.,Impacta VC,impacta.vc,FOUND,da@impacta.vc,https://www.startuplinks.world/instituciones-de-inversion/impacta-vc,https://www.startuplinks.world/instituciones-de-inversion/impacta-vc|https://www.impacta.vc/news/entrevista-a-david-alvo-en-tvn-sobre-etmday-2025---ideas-en-accion|https://www.impacta.vc/news/entrevista-a-david-alvo-en-ceo-com|https://www.privateequityinternational.com/institution-profiles/impacta-vc.html,Startuplinks institution profile lists David Alvo with da@impacta.vc in Contacto block (same page).
13151880573,Robert Ethier,Impact Science Ventures,impactscience.vc,EMPTY,,,https://impactscience.vc/|https://impactscience.vc/about|https://informaconnect.com/superreturn-north-america/speakers/robert-ethier/|https://www.findfunding.vc/impact-science-ventures,Speaker bios name Ethier; firm pages pair team with info@impactscience.vc only (generic).
13151879845,Talal AL-DUAIJ,Baraka Impact Finance LLC,barakaimpact.com,EMPTY,,,https://www.barakaimpact.com/|https://finance.barakaimpact.com/aboutus?tid=ZmngI5|https://www.linkedin.com/company/baraka-impact-finance,Baraka team page names Talal; only communications@barakaimpact.com on separate pages without Talal (generic).
13151849138,Alejandra Camara,GENESIS Climate Change and Sustainable Solutions,genesisarg.com,EMPTY,,,https://www.genesisarg.com/en/nosotros/quienes-somos/|https://newenergyevents.com/esg-latam/speakers/alejandra-camara/|https://www.genesisarg.com/en/contacto/|https://www.genesisarg.com/info/,Speaker bio pages name Camara; genesisarg.com publishes info@genesisarg.com only (generic) not co-located with her name as person mailbox.
13151881194,Anthony Bohm,Pangaea Impact Investments,pangaeaimpact.com,FOUND,anthonybohm@pangaeaimpact.com,https://www.pangaeaimpact.com/single-post/2016/12/06/pangaea-impact-invests-in-maths-pathway,https://www.pangaeaimpact.com/single-post/2016/12/06/pangaea-impact-invests-in-maths-pathway|https://www.pangaeaimpact.com/single-post/2016/09/07/pangaea-invests-in-pollinate-energy-media-release|https://impactinvestmentsummitasiap2016a.sched.com/speaker/anthony_bohm.1vlpwplq|https://www.pangaeaimpact.com/contact,Pangaea media release press block: Anthony Bohm + e: anthonybohm@pangaeaimpact.com on same page.
13151880574,Theany Bazet,Global Social Impact Investments,globalsocialimpact.es,EMPTY,,,https://globalsocialimpact.es/the-team/|https://www.globalsocialimpact.es/contact/|https://globalsocialimpact.es/transparency-and-compliance/|https://staging.globalsocialimpact.es/wp-content/uploads/2024/10/MEMORIA_2023_digital.pdf,Team page lists Theany Bazet; contact/compliance pages show info@globalsocialimpact.es and role inboxes only (generic).
13151887936,Shabda Gyawali,Dolma Impact Fund,dolmaimpact.com,EMPTY,,,https://dolmaimpact.com/shabda-gyawali-09-brings-nepali-perspective-on-equity-funds-to-csu/|https://dolmaadvisors.com/our-team/|https://dolmaimpact.com/|https://dolmaimpact.com/updates/,CSU speaker article names Shabda Gyawali; page footer contact@dolmaimpact.com is firm generic not person@.
13151867182,Thomas DELALANDE,IMPACT Partners,impact-partners.com,EMPTY,,,https://www.impact-partners.com/our-team|https://www.impact-partners.eu/about|https://www.velogik.com/en/share-capital-velogik-rides-with-impact-partners-and-serfim/|https://www.impact-partners.com/it/,Governance/press pages name Delalande; no @impact-partners.com email on same artifact (impact.fr cited on social only — wrong domain).
